Number,CP natural language,CP code,Constraint,Problem types,CP formal language,Validation score,Timestamp,Source,Solve status,Objective value,Solve time (s),Solution text,Error message
task_20260625_033919_demo,"We have a flexible job shop scheduling problem in aircraft skin manufacturing. There are 3 jobs and 4 machines. Each job has a sequence of operations; each operation can be assigned to one of several candidate machines with different processing times. Each machine processes at most one operation at a time. Consecutive operations within a job have temporal constraints: 'tight' means the next operation must start within 15 time units after the previous ends; 'loose' means the next must start at least 30 time units after the previous ends. Job 1: Op1(M1:10,M2:15), Op2(M2:8,M3:12)[tight], Op3(M3:6,M4:9)[loose]. Job 2: Op1(M1:12,M3:10), Op2(M4:7,M2:11)[none]. Job 3: Op1(M2:9,M4:13), Op2(M1:8,M3:10)[tight], Op3(M4:11,M2:14)[none]. Minimize makespan. Write a Python program using the docplex.cp module.","from docplex.cp.model import CpoModel
import os

filename = os.path.dirname(os.path.abspath(__file__)) + ""/data/fjsp_location_newdataset_1.fjs""
with open(filename, ""r"") as file:
    NB_JOBS, NB_MACHINES = [int(v) for v in file.readline().split()]
    list_jobs = [[v if v in ['tight', 'loose', 'none'] else int(v) for v in file.readline().split()] for i in range(NB_JOBS)]

JOBS = []
CONSTRAINTS = []

for jline in list_jobs:
    nbstps = jline.pop(0)
    job = []
    constraints = []
    for stp in range(nbstps):
        nbc = jline.pop(0)
        choices = []
        for c in range(nbc):
            m = jline.pop(0)
            d = jline.pop(0)
            choices.append((m - 1, d))
        constraint = jline.pop(0)
        job.append(choices)
        constraints.append(constraint)
    JOBS.append(job)
    CONSTRAINTS.append(constraints)

mdl = CpoModel()

job_number = {}
all_operations = []
machine_operations = [[] for m in range(NB_MACHINES)]
job_operations = []

for jx, job in enumerate(JOBS):
    op_vars = []
    for ox, op in enumerate(job):
        choice_vars = []
        for cx, (m, d) in enumerate(op):
            cv = mdl.interval_var(name=""J{}_O{}_C{}_M{}"".format(jx, ox, cx, m), optional=True, size=d)
            job_number[cv.get_name()] = jx
            choice_vars.append(cv)
            machine_operations[m].append(cv)
        jv = mdl.interval_var(name=""J{}_O{}"".format(jx, ox))
        mdl.add(mdl.alternative(jv, choice_vars))
        op_vars.append(jv)
        if ox > 0:
            mdl.add(mdl.end_before_start(op_vars[ox - 1], op_vars[ox]))
        if ox > 0 and CONSTRAINTS[jx][ox - 1] == 'tight':
            mdl.add(mdl.start_of(op_vars[ox]) - mdl.end_of(op_vars[ox - 1]) <= 15)
        if ox > 0 and CONSTRAINTS[jx][ox - 1] == 'loose':
            mdl.add(mdl.start_of(op_vars[ox]) - mdl.end_of(op_vars[ox - 1]) >= 30)
    all_operations.extend(op_vars)
    job_operations.append(op_vars)

for lops in machine_operations:
    mdl.add(mdl.no_overlap(lops))

mdl.add(mdl.minimize(mdl.max([mdl.end_of(op) for op in all_operations])))

print(""Solving model...."")
msol = mdl.solve(TimeLimit=30)

if msol:
    print(""Solution found."")
    print(""Objective value (Makespan):"", msol.get_objective_value())
    print(""=== Machine Schedules ==="")
    for m in range(NB_MACHINES):
        print(f""\nMachine M{m}:"")
        machine_schedule = []
        for v in machine_operations[m]:
            itv = msol.get_var_solution(v)
            if itv.is_present():
                jn = job_number[v.get_name()]
                machine_schedule.append((itv.start, itv.end, f""J{jn}""))
        machine_schedule.sort(key=lambda x: x[0])
        for s, e, jn in machine_schedule:
            print(f""  {jn:<5} Start: {s:<5}  End: {e:<5}  Duration: {e - s}"")
else:
    print(""No solution found."")
",base,Aircraft Skin Processing,"1. Decision Variables
jv_{j,o} [interval_var]: execution interval of job j operation o
  API: mdl.interval_var(name='J{}_O{}'.format(j,o))
cv_{j,o,c,m} [interval_var (optional)]: optional interval for job j op o on machine m
  API: mdl.interval_var(name='J{}_O{}_C{}_M{}'.format(j,o,c,m), optional=True, size=d)

2. Parameters and Input Data
NB_JOBS: number of jobs = 3
NB_MACHINES: number of machines = 4
JOBS[j][o]: list of (machine_idx, duration) pairs for job j op o
CONSTRAINTS[j][o]: temporal constraint type between op o and o+1

3. Constraints
[C1] Alternative Machine Assignment: ∀j,o: alternative(jv_{j,o}, {cv_{j,o,c,m} | c∈candidates})
  docplex: mdl.add(mdl.alternative(jv, choice_vars))
  Note: each operation selects exactly one candidate machine
[C2] No-Overlap (Machine): ∀m: no_overlap({cv_{j,o,c,m} | using machine m})
  docplex: mdl.add(mdl.no_overlap(machine_operations[m]))
  Note: no two operations overlap on the same machine
[C3] Precedence (Within Job): ∀j, o>0: end(jv_{j,o-1}) ≤ start(jv_{j,o})
  docplex: mdl.add(mdl.end_before_start(op_vars[ox-1], op_vars[ox]))
  Note: operations within a job execute sequentially
[C4] Tight Temporal Constraint: start(jv_{j,o}) - end(jv_{j,o-1}) ≤ 15
  docplex: mdl.add(mdl.start_of(op_vars[ox]) - mdl.end_of(op_vars[ox-1]) <= 15)
  Note: consecutive ops must be within 15 time units
[C5] Loose Temporal Constraint: start(jv_{j,o}) - end(jv_{j,o-1}) ≥ 30
  docplex: mdl.add(mdl.start_of(op_vars[ox]) - mdl.end_of(op_vars[ox-1]) >= 30)
  Note: consecutive ops must be at least 30 time units apart

4. Objective Function
MINIMIZE min max_{j,o} end(jv_{j,o})
docplex: mdl.add(mdl.minimize(mdl.max([mdl.end_of(op) for op in all_operations])))

5. Data Specification
NB_JOBS: number of jobs (3)
NB_MACHINES: number of machines (4)
JOBS: machine-duration choices per operation (inline)
CONSTRAINTS: temporal constraint types between ops (tight/loose/none)",0.995,2026-06-25T03:39:19.391554,pipeline,,,,,
task_20260625_033919_demo_update1,"We have a flexible job shop scheduling problem in aircraft skin manufacturing. There are 3 jobs and 4 machines. Each job has a sequence of operations; each operation can be assigned to one of several candidate machines with different processing times. Each machine processes at most one operation at a time. Consecutive operations within a job have temporal constraints: 'tight' means the next operation must start within 15 time units after the previous ends; 'loose' means the next must start at least 30 time units after the previous ends. Job 1: Op1(M1:10,M2:15), Op2(M2:8,M3:12)[tight], Op3(M3:6,M4:9)[loose]. Job 2: Op1(M1:12,M3:10), Op2(M4:7,M2:11)[none]. Job 3: Op1(M2:9,M4:13), Op2(M1:8,M3:10)[tight], Op3(M4:11,M2:14)[none]. Minimize makespan. Write a Python program using the docplex.cp module.

Additional constraint: Job 1 must start its first operation within the time window [20, 100].","from docplex.cp.model import CpoModel
import os

filename = os.path.dirname(os.path.abspath(__file__)) + ""/data/fjsp_location_newdataset_1.fjs""
with open(filename, ""r"") as file:
    NB_JOBS, NB_MACHINES = [int(v) for v in file.readline().split()]
    list_jobs = [[v if v in ['tight', 'loose', 'none'] else int(v) for v in file.readline().split()] for i in range(NB_JOBS)]

JOBS = []
CONSTRAINTS = []

for jline in list_jobs:
    nbstps = jline.pop(0)
    job = []
    constraints = []
    for stp in range(nbstps):
        nbc = jline.pop(0)
        choices = []
        for c in range(nbc):
            m = jline.pop(0)
            d = jline.pop(0)
            choices.append((m - 1, d))
        constraint = jline.pop(0)
        job.append(choices)
        constraints.append(constraint)
    JOBS.append(job)
    CONSTRAINTS.append(constraints)

mdl = CpoModel()

job_number = {}
all_operations = []
machine_operations = [[] for m in range(NB_MACHINES)]
job_operations = []

for jx, job in enumerate(JOBS):
    op_vars = []
    for ox, op in enumerate(job):
        choice_vars = []
        for cx, (m, d) in enumerate(op):
            cv = mdl.interval_var(name=""J{}_O{}_C{}_M{}"".format(jx, ox, cx, m), optional=True, size=d)
            job_number[cv.get_name()] = jx
            choice_vars.append(cv)
            machine_operations[m].append(cv)
        jv = mdl.interval_var(name=""J{}_O{}"".format(jx, ox))
        mdl.add(mdl.alternative(jv, choice_vars))
        op_vars.append(jv)
        if ox > 0:
            mdl.add(mdl.end_before_start(op_vars[ox - 1], op_vars[ox]))
        if ox > 0 and CONSTRAINTS[jx][ox - 1] == 'tight':
            mdl.add(mdl.start_of(op_vars[ox]) - mdl.end_of(op_vars[ox - 1]) <= 15)
        if ox > 0 and CONSTRAINTS[jx][ox - 1] == 'loose':
            mdl.add(mdl.start_of(op_vars[ox]) - mdl.end_of(op_vars[ox - 1]) >= 30)
        if jx == 0 and ox == 0:
            mdl.add(mdl.start_of(jv) >= 20)
            mdl.add(mdl.start_of(jv) <= 100)
    all_operations.extend(op_vars)
    job_operations.append(op_vars)

for lops in machine_operations:
    mdl.add(mdl.no_overlap(lops))

mdl.add(mdl.minimize(mdl.max([mdl.end_of(op) for op in all_operations])))

print(""Solving model...."")
msol = mdl.solve(TimeLimit=30)

if msol:
    print(""Solution found."")
    print(""Objective value (Makespan):"", msol.get_objective_value())
    print(""=== Machine Schedules ==="")
    for m in range(NB_MACHINES):
        print(f""\nMachine M{m}:"")
        machine_schedule = []
        for v in machine_operations[m]:
            itv = msol.get_var_solution(v)
            if itv.is_present():
                jn = job_number[v.get_name()]
                machine_schedule.append((itv.start, itv.end, f""J{jn}""))
        machine_schedule.sort(key=lambda x: x[0])
        for s, e, jn in machine_schedule:
            print(f""  {jn:<5} Start: {s:<5}  End: {e:<5}  Duration: {e - s}"")
else:
    print(""No solution found."")
",1,Aircraft Skin Processing,"1. Decision Variables
jv_{j,o} [interval_var]: execution interval of job j operation o
  API: mdl.interval_var(name='J{}_O{}'.format(j,o))
cv_{j,o,c,m} [interval_var (optional)]: optional interval for job j op o on machine m
  API: mdl.interval_var(name='J{}_O{}_C{}_M{}'.format(j,o,c,m), optional=True, size=d)

2. Parameters and Input Data
NB_JOBS: number of jobs = 3
NB_MACHINES: number of machines = 4
JOBS[j][o]: list of (machine_idx, duration) pairs for job j op o
CONSTRAINTS[j][o]: temporal constraint type between op o and o+1

3. Constraints
[C1] Alternative Machine Assignment: ∀j,o: alternative(jv_{j,o}, {cv_{j,o,c,m} | c∈candidates})
  docplex: mdl.add(mdl.alternative(jv, choice_vars))
  Note: each operation selects exactly one candidate machine
[C2] No-Overlap (Machine): ∀m: no_overlap({cv_{j,o,c,m} | using machine m})
  docplex: mdl.add(mdl.no_overlap(machine_operations[m]))
  Note: no two operations overlap on the same machine
[C3] Precedence (Within Job): ∀j, o>0: end(jv_{j,o-1}) ≤ start(jv_{j,o})
  docplex: mdl.add(mdl.end_before_start(op_vars[ox-1], op_vars[ox]))
  Note: operations within a job execute sequentially
[C4] Tight Temporal Constraint: start(jv_{j,o}) - end(jv_{j,o-1}) ≤ 15
  docplex: mdl.add(mdl.start_of(op_vars[ox]) - mdl.end_of(op_vars[ox-1]) <= 15)
  Note: consecutive ops must be within 15 time units
[C5] Loose Temporal Constraint: start(jv_{j,o}) - end(jv_{j,o-1}) ≥ 30
  docplex: mdl.add(mdl.start_of(op_vars[ox]) - mdl.end_of(op_vars[ox-1]) >= 30)
  Note: consecutive ops must be at least 30 time units apart

4. Objective Function
MINIMIZE min max_{j,o} end(jv_{j,o})
docplex: mdl.add(mdl.minimize(mdl.max([mdl.end_of(op) for op in all_operations])))

5. Data Specification
NB_JOBS: number of jobs (3)
NB_MACHINES: number of machines (4)
JOBS: machine-duration choices per operation (inline)
CONSTRAINTS: temporal constraint types between ops (tight/loose/none)",0.997,2026-06-25T03:39:19.391554,dynamic_constraint_adaptation,,,,,
task_20260625_034024_demo,"We have a flexible job shop scheduling problem in aircraft skin manufacturing. There are 3 jobs and 4 machines. Each job has a sequence of operations; each operation can be assigned to one of several candidate machines with different processing times. Each machine processes at most one operation at a time. Consecutive operations within a job have temporal constraints: 'tight' means the next operation must start within 15 time units after the previous ends; 'loose' means the next must start at least 30 time units after the previous ends. Job 1: Op1(M1:10,M2:15), Op2(M2:8,M3:12)[tight], Op3(M3:6,M4:9)[loose]. Job 2: Op1(M1:12,M3:10), Op2(M4:7,M2:11)[none]. Job 3: Op1(M2:9,M4:13), Op2(M1:8,M3:10)[tight], Op3(M4:11,M2:14)[none]. Minimize makespan. Write a Python program using the docplex.cp module.","from docplex.cp.model import CpoModel
import os

filename = os.path.dirname(os.path.abspath(__file__)) + ""/data/fjsp_location_newdataset_1.fjs""
with open(filename, ""r"") as file:
    NB_JOBS, NB_MACHINES = [int(v) for v in file.readline().split()]
    list_jobs = [[v if v in ['tight', 'loose', 'none'] else int(v) for v in file.readline().split()] for i in range(NB_JOBS)]

JOBS = []
CONSTRAINTS = []

for jline in list_jobs:
    nbstps = jline.pop(0)
    job = []
    constraints = []
    for stp in range(nbstps):
        nbc = jline.pop(0)
        choices = []
        for c in range(nbc):
            m = jline.pop(0)
            d = jline.pop(0)
            choices.append((m - 1, d))
        constraint = jline.pop(0)
        job.append(choices)
        constraints.append(constraint)
    JOBS.append(job)
    CONSTRAINTS.append(constraints)

mdl = CpoModel()

job_number = {}
all_operations = []
machine_operations = [[] for m in range(NB_MACHINES)]
job_operations = []

for jx, job in enumerate(JOBS):
    op_vars = []
    for ox, op in enumerate(job):
        choice_vars = []
        for cx, (m, d) in enumerate(op):
            cv = mdl.interval_var(name=""J{}_O{}_C{}_M{}"".format(jx, ox, cx, m), optional=True, size=d)
            job_number[cv.get_name()] = jx
            choice_vars.append(cv)
            machine_operations[m].append(cv)
        jv = mdl.interval_var(name=""J{}_O{}"".format(jx, ox))
        mdl.add(mdl.alternative(jv, choice_vars))
        op_vars.append(jv)
        if ox > 0:
            mdl.add(mdl.end_before_start(op_vars[ox - 1], op_vars[ox]))
        if ox > 0 and CONSTRAINTS[jx][ox - 1] == 'tight':
            mdl.add(mdl.start_of(op_vars[ox]) - mdl.end_of(op_vars[ox - 1]) <= 15)
        if ox > 0 and CONSTRAINTS[jx][ox - 1] == 'loose':
            mdl.add(mdl.start_of(op_vars[ox]) - mdl.end_of(op_vars[ox - 1]) >= 30)
    all_operations.extend(op_vars)
    job_operations.append(op_vars)

for lops in machine_operations:
    mdl.add(mdl.no_overlap(lops))

mdl.add(mdl.minimize(mdl.max([mdl.end_of(op) for op in all_operations])))

print(""Solving model...."")
msol = mdl.solve(TimeLimit=30)

if msol:
    print(""Solution found."")
    print(""Objective value (Makespan):"", msol.get_objective_value())
    print(""=== Machine Schedules ==="")
    for m in range(NB_MACHINES):
        print(f""\nMachine M{m}:"")
        machine_schedule = []
        for v in machine_operations[m]:
            itv = msol.get_var_solution(v)
            if itv.is_present():
                jn = job_number[v.get_name()]
                machine_schedule.append((itv.start, itv.end, f""J{jn}""))
        machine_schedule.sort(key=lambda x: x[0])
        for s, e, jn in machine_schedule:
            print(f""  {jn:<5} Start: {s:<5}  End: {e:<5}  Duration: {e - s}"")
else:
    print(""No solution found."")
",base,Aircraft Skin Processing,"1. Decision Variables
jv_{j,o} [interval_var]: execution interval of job j operation o
  API: mdl.interval_var(name='J{}_O{}'.format(j,o))
cv_{j,o,c,m} [interval_var (optional)]: optional interval for job j op o on machine m
  API: mdl.interval_var(name='J{}_O{}_C{}_M{}'.format(j,o,c,m), optional=True, size=d)

2. Parameters and Input Data
NB_JOBS: number of jobs = 3
NB_MACHINES: number of machines = 4
JOBS[j][o]: list of (machine_idx, duration) pairs for job j op o
CONSTRAINTS[j][o]: temporal constraint type between op o and o+1

3. Constraints
[C1] Alternative Machine Assignment: ∀j,o: alternative(jv_{j,o}, {cv_{j,o,c,m} | c∈candidates})
  docplex: mdl.add(mdl.alternative(jv, choice_vars))
  Note: each operation selects exactly one candidate machine
[C2] No-Overlap (Machine): ∀m: no_overlap({cv_{j,o,c,m} | using machine m})
  docplex: mdl.add(mdl.no_overlap(machine_operations[m]))
  Note: no two operations overlap on the same machine
[C3] Precedence (Within Job): ∀j, o>0: end(jv_{j,o-1}) ≤ start(jv_{j,o})
  docplex: mdl.add(mdl.end_before_start(op_vars[ox-1], op_vars[ox]))
  Note: operations within a job execute sequentially
[C4] Tight Temporal Constraint: start(jv_{j,o}) - end(jv_{j,o-1}) ≤ 15
  docplex: mdl.add(mdl.start_of(op_vars[ox]) - mdl.end_of(op_vars[ox-1]) <= 15)
  Note: consecutive ops must be within 15 time units
[C5] Loose Temporal Constraint: start(jv_{j,o}) - end(jv_{j,o-1}) ≥ 30
  docplex: mdl.add(mdl.start_of(op_vars[ox]) - mdl.end_of(op_vars[ox-1]) >= 30)
  Note: consecutive ops must be at least 30 time units apart

4. Objective Function
MINIMIZE min max_{j,o} end(jv_{j,o})
docplex: mdl.add(mdl.minimize(mdl.max([mdl.end_of(op) for op in all_operations])))

5. Data Specification
NB_JOBS: number of jobs (3)
NB_MACHINES: number of machines (4)
JOBS: machine-duration choices per operation (inline)
CONSTRAINTS: temporal constraint types between ops (tight/loose/none)",0.995,2026-06-25T03:40:24.383453,pipeline,,,,,
task_20260625_034024_demo_update1,"We have a flexible job shop scheduling problem in aircraft skin manufacturing. There are 3 jobs and 4 machines. Each job has a sequence of operations; each operation can be assigned to one of several candidate machines with different processing times. Each machine processes at most one operation at a time. Consecutive operations within a job have temporal constraints: 'tight' means the next operation must start within 15 time units after the previous ends; 'loose' means the next must start at least 30 time units after the previous ends. Job 1: Op1(M1:10,M2:15), Op2(M2:8,M3:12)[tight], Op3(M3:6,M4:9)[loose]. Job 2: Op1(M1:12,M3:10), Op2(M4:7,M2:11)[none]. Job 3: Op1(M2:9,M4:13), Op2(M1:8,M3:10)[tight], Op3(M4:11,M2:14)[none]. Minimize makespan. Write a Python program using the docplex.cp module.

Additional constraint: Job 1 must start its first operation within the time window [20, 100].","from docplex.cp.model import CpoModel
import os

filename = os.path.dirname(os.path.abspath(__file__)) + ""/data/fjsp_location_newdataset_1.fjs""
with open(filename, ""r"") as file:
    NB_JOBS, NB_MACHINES = [int(v) for v in file.readline().split()]
    list_jobs = [[v if v in ['tight', 'loose', 'none'] else int(v) for v in file.readline().split()] for i in range(NB_JOBS)]

JOBS = []
CONSTRAINTS = []

for jline in list_jobs:
    nbstps = jline.pop(0)
    job = []
    constraints = []
    for stp in range(nbstps):
        nbc = jline.pop(0)
        choices = []
        for c in range(nbc):
            m = jline.pop(0)
            d = jline.pop(0)
            choices.append((m - 1, d))
        constraint = jline.pop(0)
        job.append(choices)
        constraints.append(constraint)
    JOBS.append(job)
    CONSTRAINTS.append(constraints)

mdl = CpoModel()

job_number = {}
all_operations = []
machine_operations = [[] for m in range(NB_MACHINES)]
job_operations = []

for jx, job in enumerate(JOBS):
    op_vars = []
    for ox, op in enumerate(job):
        choice_vars = []
        for cx, (m, d) in enumerate(op):
            cv = mdl.interval_var(name=""J{}_O{}_C{}_M{}"".format(jx, ox, cx, m), optional=True, size=d)
            job_number[cv.get_name()] = jx
            choice_vars.append(cv)
            machine_operations[m].append(cv)
        jv = mdl.interval_var(name=""J{}_O{}"".format(jx, ox))
        mdl.add(mdl.alternative(jv, choice_vars))
        op_vars.append(jv)
        if ox > 0:
            mdl.add(mdl.end_before_start(op_vars[ox - 1], op_vars[ox]))
        if ox > 0 and CONSTRAINTS[jx][ox - 1] == 'tight':
            mdl.add(mdl.start_of(op_vars[ox]) - mdl.end_of(op_vars[ox - 1]) <= 15)
        if ox > 0 and CONSTRAINTS[jx][ox - 1] == 'loose':
            mdl.add(mdl.start_of(op_vars[ox]) - mdl.end_of(op_vars[ox - 1]) >= 30)
        if jx == 0 and ox == 0:
            mdl.add(mdl.start_of(jv) >= 20)
            mdl.add(mdl.start_of(jv) <= 100)
    all_operations.extend(op_vars)
    job_operations.append(op_vars)

for lops in machine_operations:
    mdl.add(mdl.no_overlap(lops))

mdl.add(mdl.minimize(mdl.max([mdl.end_of(op) for op in all_operations])))

print(""Solving model...."")
msol = mdl.solve(TimeLimit=30)

if msol:
    print(""Solution found."")
    print(""Objective value (Makespan):"", msol.get_objective_value())
    print(""=== Machine Schedules ==="")
    for m in range(NB_MACHINES):
        print(f""\nMachine M{m}:"")
        machine_schedule = []
        for v in machine_operations[m]:
            itv = msol.get_var_solution(v)
            if itv.is_present():
                jn = job_number[v.get_name()]
                machine_schedule.append((itv.start, itv.end, f""J{jn}""))
        machine_schedule.sort(key=lambda x: x[0])
        for s, e, jn in machine_schedule:
            print(f""  {jn:<5} Start: {s:<5}  End: {e:<5}  Duration: {e - s}"")
else:
    print(""No solution found."")
",1,Aircraft Skin Processing,"1. Decision Variables
jv_{j,o} [interval_var]: execution interval of job j operation o
  API: mdl.interval_var(name='J{}_O{}'.format(j,o))
cv_{j,o,c,m} [interval_var (optional)]: optional interval for job j op o on machine m
  API: mdl.interval_var(name='J{}_O{}_C{}_M{}'.format(j,o,c,m), optional=True, size=d)

2. Parameters and Input Data
NB_JOBS: number of jobs = 3
NB_MACHINES: number of machines = 4
JOBS[j][o]: list of (machine_idx, duration) pairs for job j op o
CONSTRAINTS[j][o]: temporal constraint type between op o and o+1

3. Constraints
[C1] Alternative Machine Assignment: ∀j,o: alternative(jv_{j,o}, {cv_{j,o,c,m} | c∈candidates})
  docplex: mdl.add(mdl.alternative(jv, choice_vars))
  Note: each operation selects exactly one candidate machine
[C2] No-Overlap (Machine): ∀m: no_overlap({cv_{j,o,c,m} | using machine m})
  docplex: mdl.add(mdl.no_overlap(machine_operations[m]))
  Note: no two operations overlap on the same machine
[C3] Precedence (Within Job): ∀j, o>0: end(jv_{j,o-1}) ≤ start(jv_{j,o})
  docplex: mdl.add(mdl.end_before_start(op_vars[ox-1], op_vars[ox]))
  Note: operations within a job execute sequentially
[C4] Tight Temporal Constraint: start(jv_{j,o}) - end(jv_{j,o-1}) ≤ 15
  docplex: mdl.add(mdl.start_of(op_vars[ox]) - mdl.end_of(op_vars[ox-1]) <= 15)
  Note: consecutive ops must be within 15 time units
[C5] Loose Temporal Constraint: start(jv_{j,o}) - end(jv_{j,o-1}) ≥ 30
  docplex: mdl.add(mdl.start_of(op_vars[ox]) - mdl.end_of(op_vars[ox-1]) >= 30)
  Note: consecutive ops must be at least 30 time units apart

4. Objective Function
MINIMIZE min max_{j,o} end(jv_{j,o})
docplex: mdl.add(mdl.minimize(mdl.max([mdl.end_of(op) for op in all_operations])))

5. Data Specification
NB_JOBS: number of jobs (3)
NB_MACHINES: number of machines (4)
JOBS: machine-duration choices per operation (inline)
CONSTRAINTS: temporal constraint types between ops (tight/loose/none)",0.997,2026-06-25T03:40:24.383453,dynamic_constraint_adaptation,,,,,
task_20260625_035601_demo,"We have a flexible job shop scheduling problem in aircraft skin manufacturing. There are 3 jobs and 4 machines. Each job has a sequence of operations; each operation can be assigned to one of several candidate machines with different processing times. Each machine processes at most one operation at a time. Consecutive operations within a job have temporal constraints: 'tight' means the next operation must start within 15 time units after the previous ends; 'loose' means the next must start at least 30 time units after the previous ends. Job 1: Op1(M1:10,M2:15), Op2(M2:8,M3:12)[tight], Op3(M3:6,M4:9)[loose]. Job 2: Op1(M1:12,M3:10), Op2(M4:7,M2:11)[none]. Job 3: Op1(M2:9,M4:13), Op2(M1:8,M3:10)[tight], Op3(M4:11,M2:14)[none]. Minimize makespan. Write a Python program using the docplex.cp module.","from docplex.cp.model import CpoModel
import os

filename = os.path.dirname(os.path.abspath(__file__)) + ""/data/fjsp_location_newdataset_1.fjs""
with open(filename, ""r"") as file:
    NB_JOBS, NB_MACHINES = [int(v) for v in file.readline().split()]
    list_jobs = [[v if v in ['tight', 'loose', 'none'] else int(v) for v in file.readline().split()] for i in range(NB_JOBS)]

JOBS = []
CONSTRAINTS = []

for jline in list_jobs:
    nbstps = jline.pop(0)
    job = []
    constraints = []
    for stp in range(nbstps):
        nbc = jline.pop(0)
        choices = []
        for c in range(nbc):
            m = jline.pop(0)
            d = jline.pop(0)
            choices.append((m - 1, d))
        constraint = jline.pop(0)
        job.append(choices)
        constraints.append(constraint)
    JOBS.append(job)
    CONSTRAINTS.append(constraints)

mdl = CpoModel()

job_number = {}
all_operations = []
machine_operations = [[] for m in range(NB_MACHINES)]
job_operations = []

for jx, job in enumerate(JOBS):
    op_vars = []
    for ox, op in enumerate(job):
        choice_vars = []
        for cx, (m, d) in enumerate(op):
            cv = mdl.interval_var(name=""J{}_O{}_C{}_M{}"".format(jx, ox, cx, m), optional=True, size=d)
            job_number[cv.get_name()] = jx
            choice_vars.append(cv)
            machine_operations[m].append(cv)
        jv = mdl.interval_var(name=""J{}_O{}"".format(jx, ox))
        mdl.add(mdl.alternative(jv, choice_vars))
        op_vars.append(jv)
        if ox > 0:
            mdl.add(mdl.end_before_start(op_vars[ox - 1], op_vars[ox]))
        if ox > 0 and CONSTRAINTS[jx][ox - 1] == 'tight':
            mdl.add(mdl.start_of(op_vars[ox]) - mdl.end_of(op_vars[ox - 1]) <= 15)
        if ox > 0 and CONSTRAINTS[jx][ox - 1] == 'loose':
            mdl.add(mdl.start_of(op_vars[ox]) - mdl.end_of(op_vars[ox - 1]) >= 30)
    all_operations.extend(op_vars)
    job_operations.append(op_vars)

for lops in machine_operations:
    mdl.add(mdl.no_overlap(lops))

mdl.add(mdl.minimize(mdl.max([mdl.end_of(op) for op in all_operations])))

print(""Solving model...."")
msol = mdl.solve(TimeLimit=30)

if msol:
    print(""Solution found."")
    print(""Objective value (Makespan):"", msol.get_objective_value())
    print(""=== Machine Schedules ==="")
    for m in range(NB_MACHINES):
        print(f""\nMachine M{m}:"")
        machine_schedule = []
        for v in machine_operations[m]:
            itv = msol.get_var_solution(v)
            if itv.is_present():
                jn = job_number[v.get_name()]
                machine_schedule.append((itv.start, itv.end, f""J{jn}""))
        machine_schedule.sort(key=lambda x: x[0])
        for s, e, jn in machine_schedule:
            print(f""  {jn:<5} Start: {s:<5}  End: {e:<5}  Duration: {e - s}"")
else:
    print(""No solution found."")
",base,Aircraft Skin Processing,"1. Decision Variables
jv_{j,o} [interval_var]: execution interval of job j operation o
  API: mdl.interval_var(name='J{}_O{}'.format(j,o))
cv_{j,o,c,m} [interval_var (optional)]: optional interval for job j op o on machine m
  API: mdl.interval_var(name='J{}_O{}_C{}_M{}'.format(j,o,c,m), optional=True, size=d)

2. Parameters and Input Data
NB_JOBS: number of jobs = 3
NB_MACHINES: number of machines = 4
JOBS[j][o]: list of (machine_idx, duration) pairs for job j op o
CONSTRAINTS[j][o]: temporal constraint type between op o and o+1

3. Constraints
[C1] Alternative Machine Assignment: ∀j,o: alternative(jv_{j,o}, {cv_{j,o,c,m} | c∈candidates})
  docplex: mdl.add(mdl.alternative(jv, choice_vars))
  Note: each operation selects exactly one candidate machine
[C2] No-Overlap (Machine): ∀m: no_overlap({cv_{j,o,c,m} | using machine m})
  docplex: mdl.add(mdl.no_overlap(machine_operations[m]))
  Note: no two operations overlap on the same machine
[C3] Precedence (Within Job): ∀j, o>0: end(jv_{j,o-1}) ≤ start(jv_{j,o})
  docplex: mdl.add(mdl.end_before_start(op_vars[ox-1], op_vars[ox]))
  Note: operations within a job execute sequentially
[C4] Tight Temporal Constraint: start(jv_{j,o}) - end(jv_{j,o-1}) ≤ 15
  docplex: mdl.add(mdl.start_of(op_vars[ox]) - mdl.end_of(op_vars[ox-1]) <= 15)
  Note: consecutive ops must be within 15 time units
[C5] Loose Temporal Constraint: start(jv_{j,o}) - end(jv_{j,o-1}) ≥ 30
  docplex: mdl.add(mdl.start_of(op_vars[ox]) - mdl.end_of(op_vars[ox-1]) >= 30)
  Note: consecutive ops must be at least 30 time units apart

4. Objective Function
MINIMIZE min max_{j,o} end(jv_{j,o})
docplex: mdl.add(mdl.minimize(mdl.max([mdl.end_of(op) for op in all_operations])))

5. Data Specification
NB_JOBS: number of jobs (3)
NB_MACHINES: number of machines (4)
JOBS: machine-duration choices per operation (inline)
CONSTRAINTS: temporal constraint types between ops (tight/loose/none)",0.995,2026-06-25T03:56:01.941538,pipeline,,,,,
task_20260625_035601_demo_update1,"We have a flexible job shop scheduling problem in aircraft skin manufacturing. There are 3 jobs and 4 machines. Each job has a sequence of operations; each operation can be assigned to one of several candidate machines with different processing times. Each machine processes at most one operation at a time. Consecutive operations within a job have temporal constraints: 'tight' means the next operation must start within 15 time units after the previous ends; 'loose' means the next must start at least 30 time units after the previous ends. Job 1: Op1(M1:10,M2:15), Op2(M2:8,M3:12)[tight], Op3(M3:6,M4:9)[loose]. Job 2: Op1(M1:12,M3:10), Op2(M4:7,M2:11)[none]. Job 3: Op1(M2:9,M4:13), Op2(M1:8,M3:10)[tight], Op3(M4:11,M2:14)[none]. Minimize makespan. Write a Python program using the docplex.cp module.

Additional constraint: Job 1 must start its first operation within the time window [20, 100].","from docplex.cp.model import CpoModel
import os

filename = os.path.dirname(os.path.abspath(__file__)) + ""/data/fjsp_location_newdataset_1.fjs""
with open(filename, ""r"") as file:
    NB_JOBS, NB_MACHINES = [int(v) for v in file.readline().split()]
    list_jobs = [[v if v in ['tight', 'loose', 'none'] else int(v) for v in file.readline().split()] for i in range(NB_JOBS)]

JOBS = []
CONSTRAINTS = []

for jline in list_jobs:
    nbstps = jline.pop(0)
    job = []
    constraints = []
    for stp in range(nbstps):
        nbc = jline.pop(0)
        choices = []
        for c in range(nbc):
            m = jline.pop(0)
            d = jline.pop(0)
            choices.append((m - 1, d))
        constraint = jline.pop(0)
        job.append(choices)
        constraints.append(constraint)
    JOBS.append(job)
    CONSTRAINTS.append(constraints)

mdl = CpoModel()

job_number = {}
all_operations = []
machine_operations = [[] for m in range(NB_MACHINES)]
job_operations = []

for jx, job in enumerate(JOBS):
    op_vars = []
    for ox, op in enumerate(job):
        choice_vars = []
        for cx, (m, d) in enumerate(op):
            cv = mdl.interval_var(name=""J{}_O{}_C{}_M{}"".format(jx, ox, cx, m), optional=True, size=d)
            job_number[cv.get_name()] = jx
            choice_vars.append(cv)
            machine_operations[m].append(cv)
        jv = mdl.interval_var(name=""J{}_O{}"".format(jx, ox))
        mdl.add(mdl.alternative(jv, choice_vars))
        op_vars.append(jv)
        if ox > 0:
            mdl.add(mdl.end_before_start(op_vars[ox - 1], op_vars[ox]))
        if ox > 0 and CONSTRAINTS[jx][ox - 1] == 'tight':
            mdl.add(mdl.start_of(op_vars[ox]) - mdl.end_of(op_vars[ox - 1]) <= 15)
        if ox > 0 and CONSTRAINTS[jx][ox - 1] == 'loose':
            mdl.add(mdl.start_of(op_vars[ox]) - mdl.end_of(op_vars[ox - 1]) >= 30)
        if jx == 0 and ox == 0:
            mdl.add(mdl.start_of(jv) >= 20)
            mdl.add(mdl.start_of(jv) <= 100)
    all_operations.extend(op_vars)
    job_operations.append(op_vars)

for lops in machine_operations:
    mdl.add(mdl.no_overlap(lops))

mdl.add(mdl.minimize(mdl.max([mdl.end_of(op) for op in all_operations])))

print(""Solving model...."")
msol = mdl.solve(TimeLimit=30)

if msol:
    print(""Solution found."")
    print(""Objective value (Makespan):"", msol.get_objective_value())
    print(""=== Machine Schedules ==="")
    for m in range(NB_MACHINES):
        print(f""\nMachine M{m}:"")
        machine_schedule = []
        for v in machine_operations[m]:
            itv = msol.get_var_solution(v)
            if itv.is_present():
                jn = job_number[v.get_name()]
                machine_schedule.append((itv.start, itv.end, f""J{jn}""))
        machine_schedule.sort(key=lambda x: x[0])
        for s, e, jn in machine_schedule:
            print(f""  {jn:<5} Start: {s:<5}  End: {e:<5}  Duration: {e - s}"")
else:
    print(""No solution found."")
",1,Aircraft Skin Processing,"1. Decision Variables
jv_{j,o} [interval_var]: execution interval of job j operation o
  API: mdl.interval_var(name='J{}_O{}'.format(j,o))
cv_{j,o,c,m} [interval_var (optional)]: optional interval for job j op o on machine m
  API: mdl.interval_var(name='J{}_O{}_C{}_M{}'.format(j,o,c,m), optional=True, size=d)

2. Parameters and Input Data
NB_JOBS: number of jobs = 3
NB_MACHINES: number of machines = 4
JOBS[j][o]: list of (machine_idx, duration) pairs for job j op o
CONSTRAINTS[j][o]: temporal constraint type between op o and o+1

3. Constraints
[C1] Alternative Machine Assignment: ∀j,o: alternative(jv_{j,o}, {cv_{j,o,c,m} | c∈candidates})
  docplex: mdl.add(mdl.alternative(jv, choice_vars))
  Note: each operation selects exactly one candidate machine
[C2] No-Overlap (Machine): ∀m: no_overlap({cv_{j,o,c,m} | using machine m})
  docplex: mdl.add(mdl.no_overlap(machine_operations[m]))
  Note: no two operations overlap on the same machine
[C3] Precedence (Within Job): ∀j, o>0: end(jv_{j,o-1}) ≤ start(jv_{j,o})
  docplex: mdl.add(mdl.end_before_start(op_vars[ox-1], op_vars[ox]))
  Note: operations within a job execute sequentially
[C4] Tight Temporal Constraint: start(jv_{j,o}) - end(jv_{j,o-1}) ≤ 15
  docplex: mdl.add(mdl.start_of(op_vars[ox]) - mdl.end_of(op_vars[ox-1]) <= 15)
  Note: consecutive ops must be within 15 time units
[C5] Loose Temporal Constraint: start(jv_{j,o}) - end(jv_{j,o-1}) ≥ 30
  docplex: mdl.add(mdl.start_of(op_vars[ox]) - mdl.end_of(op_vars[ox-1]) >= 30)
  Note: consecutive ops must be at least 30 time units apart

4. Objective Function
MINIMIZE min max_{j,o} end(jv_{j,o})
docplex: mdl.add(mdl.minimize(mdl.max([mdl.end_of(op) for op in all_operations])))

5. Data Specification
NB_JOBS: number of jobs (3)
NB_MACHINES: number of machines (4)
JOBS: machine-duration choices per operation (inline)
CONSTRAINTS: temporal constraint types between ops (tight/loose/none)",0.997,2026-06-25T03:56:01.941538,dynamic_constraint_adaptation,,,,,
task_20260625_120456,"This problem arises from aircraft manufacturing where multiple skin components need to be processed through a series of operations. In the flexible job shop scheduling environment, each job (representing an aircraft skin component) must be processed according to a predefined sequence of operations. Each operation can be performed on multiple candidate machines with different processing times, providing flexibility in machine selection. However, each machine can process only one operation at a time, ensuring no resource conflicts. The system automatically handles temporal constraints between consecutive operations: tight constraints require intervals of 15 time units or less, while loose constraints require intervals of 30 time units or more. The objective is to minimize the makespan, which represents the maximum completion time across all jobs, thus optimizing the overall production efficiency. Write a Python program using the docplex.cp module (IBM CP Optimizer) to solve this flexible job shop scheduling problem. The input data should be read from a file named ""fjsp_location_newdataset_1.fjs"" located in the data subdirectory. The file format is as follows: the first line contains the number of jobs and machines; subsequent lines contain job information with the number of operations, and for each operation, the number of candidate machines followed by machine-duration pairs, and temporal constraint types ('tight', 'loose', or 'none').",,base,,,,2026-06-25T12:04:56.735663,pipeline,,,,,
task_20260625_120643_demo,"We have a flexible job shop scheduling problem in aircraft skin manufacturing. There are 3 jobs and 4 machines. Each job has a sequence of operations; each operation can be assigned to one of several candidate machines with different processing times. Each machine processes at most one operation at a time. Consecutive operations within a job have temporal constraints: 'tight' means the next operation must start within 15 time units after the previous ends; 'loose' means the next must start at least 30 time units after the previous ends. Job 1: Op1(M1:10,M2:15), Op2(M2:8,M3:12)[tight], Op3(M3:6,M4:9)[loose]. Job 2: Op1(M1:12,M3:10), Op2(M4:7,M2:11)[none]. Job 3: Op1(M2:9,M4:13), Op2(M1:8,M3:10)[tight], Op3(M4:11,M2:14)[none]. Minimize makespan. Write a Python program using the docplex.cp module.","from docplex.cp.model import CpoModel
import os

filename = os.path.dirname(os.path.abspath(__file__)) + ""/data/fjsp_location_newdataset_1.fjs""
with open(filename, ""r"") as file:
    NB_JOBS, NB_MACHINES = [int(v) for v in file.readline().split()]
    list_jobs = [[v if v in ['tight', 'loose', 'none'] else int(v) for v in file.readline().split()] for i in range(NB_JOBS)]

JOBS = []
CONSTRAINTS = []

for jline in list_jobs:
    nbstps = jline.pop(0)
    job = []
    constraints = []
    for stp in range(nbstps):
        nbc = jline.pop(0)
        choices = []
        for c in range(nbc):
            m = jline.pop(0)
            d = jline.pop(0)
            choices.append((m - 1, d))
        constraint = jline.pop(0)
        job.append(choices)
        constraints.append(constraint)
    JOBS.append(job)
    CONSTRAINTS.append(constraints)

mdl = CpoModel()

job_number = {}
all_operations = []
machine_operations = [[] for m in range(NB_MACHINES)]
job_operations = []

for jx, job in enumerate(JOBS):
    op_vars = []
    for ox, op in enumerate(job):
        choice_vars = []
        for cx, (m, d) in enumerate(op):
            cv = mdl.interval_var(name=""J{}_O{}_C{}_M{}"".format(jx, ox, cx, m), optional=True, size=d)
            job_number[cv.get_name()] = jx
            choice_vars.append(cv)
            machine_operations[m].append(cv)
        jv = mdl.interval_var(name=""J{}_O{}"".format(jx, ox))
        mdl.add(mdl.alternative(jv, choice_vars))
        op_vars.append(jv)
        if ox > 0:
            mdl.add(mdl.end_before_start(op_vars[ox - 1], op_vars[ox]))
        if ox > 0 and CONSTRAINTS[jx][ox - 1] == 'tight':
            mdl.add(mdl.start_of(op_vars[ox]) - mdl.end_of(op_vars[ox - 1]) <= 15)
        if ox > 0 and CONSTRAINTS[jx][ox - 1] == 'loose':
            mdl.add(mdl.start_of(op_vars[ox]) - mdl.end_of(op_vars[ox - 1]) >= 30)
    all_operations.extend(op_vars)
    job_operations.append(op_vars)

for lops in machine_operations:
    mdl.add(mdl.no_overlap(lops))

mdl.add(mdl.minimize(mdl.max([mdl.end_of(op) for op in all_operations])))

print(""Solving model...."")
msol = mdl.solve(TimeLimit=30)

if msol:
    print(""Solution found."")
    print(""Objective value (Makespan):"", msol.get_objective_value())
    print(""=== Machine Schedules ==="")
    for m in range(NB_MACHINES):
        print(f""\nMachine M{m}:"")
        machine_schedule = []
        for v in machine_operations[m]:
            itv = msol.get_var_solution(v)
            if itv.is_present():
                jn = job_number[v.get_name()]
                machine_schedule.append((itv.start, itv.end, f""J{jn}""))
        machine_schedule.sort(key=lambda x: x[0])
        for s, e, jn in machine_schedule:
            print(f""  {jn:<5} Start: {s:<5}  End: {e:<5}  Duration: {e - s}"")
else:
    print(""No solution found."")
",base,Aircraft Skin Processing,"1. Decision Variables
jv_{j,o} [interval_var]: execution interval of job j operation o
  API: mdl.interval_var(name='J{}_O{}'.format(j,o))
cv_{j,o,c,m} [interval_var (optional)]: optional interval for job j op o on machine m
  API: mdl.interval_var(name='J{}_O{}_C{}_M{}'.format(j,o,c,m), optional=True, size=d)

2. Parameters and Input Data
NB_JOBS: number of jobs = 3
NB_MACHINES: number of machines = 4
JOBS[j][o]: list of (machine_idx, duration) pairs for job j op o
CONSTRAINTS[j][o]: temporal constraint type between op o and o+1

3. Constraints
[C1] Alternative Machine Assignment: ∀j,o: alternative(jv_{j,o}, {cv_{j,o,c,m} | c∈candidates})
  docplex: mdl.add(mdl.alternative(jv, choice_vars))
  Note: each operation selects exactly one candidate machine
[C2] No-Overlap (Machine): ∀m: no_overlap({cv_{j,o,c,m} | using machine m})
  docplex: mdl.add(mdl.no_overlap(machine_operations[m]))
  Note: no two operations overlap on the same machine
[C3] Precedence (Within Job): ∀j, o>0: end(jv_{j,o-1}) ≤ start(jv_{j,o})
  docplex: mdl.add(mdl.end_before_start(op_vars[ox-1], op_vars[ox]))
  Note: operations within a job execute sequentially
[C4] Tight Temporal Constraint: start(jv_{j,o}) - end(jv_{j,o-1}) ≤ 15
  docplex: mdl.add(mdl.start_of(op_vars[ox]) - mdl.end_of(op_vars[ox-1]) <= 15)
  Note: consecutive ops must be within 15 time units
[C5] Loose Temporal Constraint: start(jv_{j,o}) - end(jv_{j,o-1}) ≥ 30
  docplex: mdl.add(mdl.start_of(op_vars[ox]) - mdl.end_of(op_vars[ox-1]) >= 30)
  Note: consecutive ops must be at least 30 time units apart

4. Objective Function
MINIMIZE min max_{j,o} end(jv_{j,o})
docplex: mdl.add(mdl.minimize(mdl.max([mdl.end_of(op) for op in all_operations])))

5. Data Specification
NB_JOBS: number of jobs (3)
NB_MACHINES: number of machines (4)
JOBS: machine-duration choices per operation (inline)
CONSTRAINTS: temporal constraint types between ops (tight/loose/none)",0.995,2026-06-25T12:06:43.401380,pipeline,,,,,
task_20260625_120643_demo_update1,"We have a flexible job shop scheduling problem in aircraft skin manufacturing. There are 3 jobs and 4 machines. Each job has a sequence of operations; each operation can be assigned to one of several candidate machines with different processing times. Each machine processes at most one operation at a time. Consecutive operations within a job have temporal constraints: 'tight' means the next operation must start within 15 time units after the previous ends; 'loose' means the next must start at least 30 time units after the previous ends. Job 1: Op1(M1:10,M2:15), Op2(M2:8,M3:12)[tight], Op3(M3:6,M4:9)[loose]. Job 2: Op1(M1:12,M3:10), Op2(M4:7,M2:11)[none]. Job 3: Op1(M2:9,M4:13), Op2(M1:8,M3:10)[tight], Op3(M4:11,M2:14)[none]. Minimize makespan. Write a Python program using the docplex.cp module.

Additional constraint: Job 1 must start its first operation within the time window [20, 100].","from docplex.cp.model import CpoModel
import os

filename = os.path.dirname(os.path.abspath(__file__)) + ""/data/fjsp_location_newdataset_1.fjs""
with open(filename, ""r"") as file:
    NB_JOBS, NB_MACHINES = [int(v) for v in file.readline().split()]
    list_jobs = [[v if v in ['tight', 'loose', 'none'] else int(v) for v in file.readline().split()] for i in range(NB_JOBS)]

JOBS = []
CONSTRAINTS = []

for jline in list_jobs:
    nbstps = jline.pop(0)
    job = []
    constraints = []
    for stp in range(nbstps):
        nbc = jline.pop(0)
        choices = []
        for c in range(nbc):
            m = jline.pop(0)
            d = jline.pop(0)
            choices.append((m - 1, d))
        constraint = jline.pop(0)
        job.append(choices)
        constraints.append(constraint)
    JOBS.append(job)
    CONSTRAINTS.append(constraints)

mdl = CpoModel()

job_number = {}
all_operations = []
machine_operations = [[] for m in range(NB_MACHINES)]
job_operations = []

for jx, job in enumerate(JOBS):
    op_vars = []
    for ox, op in enumerate(job):
        choice_vars = []
        for cx, (m, d) in enumerate(op):
            cv = mdl.interval_var(name=""J{}_O{}_C{}_M{}"".format(jx, ox, cx, m), optional=True, size=d)
            job_number[cv.get_name()] = jx
            choice_vars.append(cv)
            machine_operations[m].append(cv)
        jv = mdl.interval_var(name=""J{}_O{}"".format(jx, ox))
        mdl.add(mdl.alternative(jv, choice_vars))
        op_vars.append(jv)
        if ox > 0:
            mdl.add(mdl.end_before_start(op_vars[ox - 1], op_vars[ox]))
        if ox > 0 and CONSTRAINTS[jx][ox - 1] == 'tight':
            mdl.add(mdl.start_of(op_vars[ox]) - mdl.end_of(op_vars[ox - 1]) <= 15)
        if ox > 0 and CONSTRAINTS[jx][ox - 1] == 'loose':
            mdl.add(mdl.start_of(op_vars[ox]) - mdl.end_of(op_vars[ox - 1]) >= 30)
        if jx == 0 and ox == 0:
            mdl.add(mdl.start_of(jv) >= 20)
            mdl.add(mdl.start_of(jv) <= 100)
    all_operations.extend(op_vars)
    job_operations.append(op_vars)

for lops in machine_operations:
    mdl.add(mdl.no_overlap(lops))

mdl.add(mdl.minimize(mdl.max([mdl.end_of(op) for op in all_operations])))

print(""Solving model...."")
msol = mdl.solve(TimeLimit=30)

if msol:
    print(""Solution found."")
    print(""Objective value (Makespan):"", msol.get_objective_value())
    print(""=== Machine Schedules ==="")
    for m in range(NB_MACHINES):
        print(f""\nMachine M{m}:"")
        machine_schedule = []
        for v in machine_operations[m]:
            itv = msol.get_var_solution(v)
            if itv.is_present():
                jn = job_number[v.get_name()]
                machine_schedule.append((itv.start, itv.end, f""J{jn}""))
        machine_schedule.sort(key=lambda x: x[0])
        for s, e, jn in machine_schedule:
            print(f""  {jn:<5} Start: {s:<5}  End: {e:<5}  Duration: {e - s}"")
else:
    print(""No solution found."")
",1,Aircraft Skin Processing,"1. Decision Variables
jv_{j,o} [interval_var]: execution interval of job j operation o
  API: mdl.interval_var(name='J{}_O{}'.format(j,o))
cv_{j,o,c,m} [interval_var (optional)]: optional interval for job j op o on machine m
  API: mdl.interval_var(name='J{}_O{}_C{}_M{}'.format(j,o,c,m), optional=True, size=d)

2. Parameters and Input Data
NB_JOBS: number of jobs = 3
NB_MACHINES: number of machines = 4
JOBS[j][o]: list of (machine_idx, duration) pairs for job j op o
CONSTRAINTS[j][o]: temporal constraint type between op o and o+1

3. Constraints
[C1] Alternative Machine Assignment: ∀j,o: alternative(jv_{j,o}, {cv_{j,o,c,m} | c∈candidates})
  docplex: mdl.add(mdl.alternative(jv, choice_vars))
  Note: each operation selects exactly one candidate machine
[C2] No-Overlap (Machine): ∀m: no_overlap({cv_{j,o,c,m} | using machine m})
  docplex: mdl.add(mdl.no_overlap(machine_operations[m]))
  Note: no two operations overlap on the same machine
[C3] Precedence (Within Job): ∀j, o>0: end(jv_{j,o-1}) ≤ start(jv_{j,o})
  docplex: mdl.add(mdl.end_before_start(op_vars[ox-1], op_vars[ox]))
  Note: operations within a job execute sequentially
[C4] Tight Temporal Constraint: start(jv_{j,o}) - end(jv_{j,o-1}) ≤ 15
  docplex: mdl.add(mdl.start_of(op_vars[ox]) - mdl.end_of(op_vars[ox-1]) <= 15)
  Note: consecutive ops must be within 15 time units
[C5] Loose Temporal Constraint: start(jv_{j,o}) - end(jv_{j,o-1}) ≥ 30
  docplex: mdl.add(mdl.start_of(op_vars[ox]) - mdl.end_of(op_vars[ox-1]) >= 30)
  Note: consecutive ops must be at least 30 time units apart

4. Objective Function
MINIMIZE min max_{j,o} end(jv_{j,o})
docplex: mdl.add(mdl.minimize(mdl.max([mdl.end_of(op) for op in all_operations])))

5. Data Specification
NB_JOBS: number of jobs (3)
NB_MACHINES: number of machines (4)
JOBS: machine-duration choices per operation (inline)
CONSTRAINTS: temporal constraint types between ops (tight/loose/none)",0.997,2026-06-25T12:06:43.401380,dynamic_constraint_adaptation,,,,,
task_20260625_121102,"This problem arises from aircraft manufacturing where multiple skin components need to be processed through a series of operations. In the flexible job shop scheduling environment, each job (representing an aircraft skin component) must be processed according to a predefined sequence of operations. Each operation can be performed on multiple candidate machines with different processing times, providing flexibility in machine selection. However, each machine can process only one operation at a time, ensuring no resource conflicts. The system automatically handles temporal constraints between consecutive operations: tight constraints require intervals of 15 time units or less, while loose constraints require intervals of 30 time units or more. The objective is to minimize the makespan, which represents the maximum completion time across all jobs, thus optimizing the overall production efficiency. Write a Python program using the docplex.cp module (IBM CP Optimizer) to solve this flexible job shop scheduling problem. The input data should be read from a file named ""fjsp_location_newdataset_1.fjs"" located in the data subdirectory. The file format is as follows: the first line contains the number of jobs and machines; subsequent lines contain job information with the number of operations, and for each operation, the number of candidate machines followed by machine-duration pairs, and temporal constraint types ('tight', 'loose', or 'none').",,base,,,,2026-06-25T12:11:02.407229,pipeline,,,,,
task_20260625_121110,"This problem arises from aircraft manufacturing where multiple skin components need to be processed through a series of operations. In the flexible job shop scheduling environment, each job (representing an aircraft skin component) must be processed according to a predefined sequence of operations. Each operation can be performed on multiple candidate machines with different processing times, providing flexibility in machine selection. However, each machine can process only one operation at a time, ensuring no resource conflicts. The system automatically handles temporal constraints between consecutive operations: tight constraints require intervals of 15 time units or less, while loose constraints require intervals of 30 time units or more. The objective is to minimize the makespan, which represents the maximum completion time across all jobs, thus optimizing the overall production efficiency. Write a Python program using the docplex.cp module (IBM CP Optimizer) to solve this flexible job shop scheduling problem. The input data should be read from a file named ""fjsp_location_newdataset_1.fjs"" located in the data subdirectory. The file format is as follows: the first line contains the number of jobs and machines; subsequent lines contain job information with the number of operations, and for each operation, the number of candidate machines followed by machine-duration pairs, and temporal constraint types ('tight', 'loose', or 'none').",,base,,,,2026-06-25T12:11:10.660407,pipeline,,,,,
task_20260625_121820,"This problem arises from aircraft manufacturing where multiple skin components need to be processed through a series of operations. In the flexible job shop scheduling environment, each job (representing an aircraft skin component) must be processed according to a predefined sequence of operations. Each operation can be performed on multiple candidate machines with different processing times, providing flexibility in machine selection. However, each machine can process only one operation at a time, ensuring no resource conflicts. The system automatically handles temporal constraints between consecutive operations: tight constraints require intervals of 15 time units or less, while loose constraints require intervals of 30 time units or more. The objective is to minimize the makespan, which represents the maximum completion time across all jobs, thus optimizing the overall production efficiency. Write a Python program using the docplex.cp module (IBM CP Optimizer) to solve this flexible job shop scheduling problem. The input data should be read from a file named ""fjsp_location_newdataset_1.fjs"" located in the data subdirectory. The file format is as follows: the first line contains the number of jobs and machines; subsequent lines contain job information with the number of operations, and for each operation, the number of candidate machines followed by machine-duration pairs, and temporal constraint types ('tight', 'loose', or 'none').",,base,,,,2026-06-25T12:18:20.901948,pipeline,,,,,
task_20260625_122049,"This problem arises from aircraft manufacturing where multiple skin components need to be processed through a series of operations. In the flexible job shop scheduling environment, each job (representing an aircraft skin component) must be processed according to a predefined sequence of operations. Each operation can be performed on multiple candidate machines with different processing times, providing flexibility in machine selection. However, each machine can process only one operation at a time, ensuring no resource conflicts. The system automatically handles temporal constraints between consecutive operations: tight constraints require intervals of 15 time units or less, while loose constraints require intervals of 30 time units or more. The objective is to minimize the makespan, which represents the maximum completion time across all jobs, thus optimizing the overall production efficiency. Write a Python program using the docplex.cp module (IBM CP Optimizer) to solve this flexible job shop scheduling problem. The input data should be read from a file named ""fjsp_location_newdataset_1.fjs"" located in the data subdirectory. The file format is as follows: the first line contains the number of jobs and machines; subsequent lines contain job information with the number of operations, and for each operation, the number of candidate machines followed by machine-duration pairs, and temporal constraint types ('tight', 'loose', or 'none').","from docplex.cp.model import CpoModel
import os

filename = os.path.dirname(os.path.abspath(__file__)) + ""/data/fjsp_location_newdataset_1.fjs""
with open(filename, ""r"") as file:
    NB_JOBS, NB_MACHINES = [int(v) for v in file.readline().split()]
    list_jobs = [[v if v in ['tight', 'loose', 'none'] else int(v) for v in file.readline().split()] for i in
                 range(NB_JOBS)]

JOBS = []
CONSTRAINTS = []  

for jline in list_jobs:
    nbstps = jline.pop(0)
    job = []
    constraints = []
    for stp in range(nbstps):
        nbc = jline.pop(0)
        choices = []
        for c in range(nbc):
            m = jline.pop(0)
            d = jline.pop(0)
            choices.append((m - 1, d))
        constraint = jline.pop(0) 
        job.append(choices)
        constraints.append(constraint)
    JOBS.append(job)
    CONSTRAINTS.append(constraints)

mdl = CpoModel()
job_number = {}
all_operations = []
machine_operations = [[] for m in range(NB_MACHINES)]
job_operations = []

for jx, job in enumerate(JOBS):
    op_vars = []
    for ox, op in enumerate(job):
        choice_vars = []
        for cx, (m, d) in enumerate(op):
            cv = mdl.interval_var(name=""J{}_O{}_C{}_M{}"".format(jx, ox, cx, m),
                                  optional=True, size=d)
            job_number[cv.get_name()] = jx
            choice_vars.append(cv)
            machine_operations[m].append(cv)
        jv = mdl.interval_var(name=""J{}_O{}"".format(jx, ox))
        mdl.add(mdl.alternative(jv, choice_vars))
        op_vars.append(jv)
        if ox > 0:
            mdl.add(mdl.end_before_start(op_vars[ox - 1], op_vars[ox]))
        if ox > 0 and CONSTRAINTS[jx][ox - 1] == 'tight':
            mdl.add(mdl.start_of(op_vars[ox]) - mdl.end_of(op_vars[ox - 1]) <= 15)
        if ox > 0 and CONSTRAINTS[jx][ox - 1] == 'loose':
            mdl.add(mdl.start_of(op_vars[ox]) - mdl.end_of(op_vars[ox - 1]) >= 30)

    all_operations.extend(op_vars)
    job_operations.append(op_vars)


for lops in machine_operations:
    mdl.add(mdl.no_overlap(lops))
mdl.add(mdl.minimize(mdl.max([mdl.end_of(op) for op in all_operations])))

print(""Solving model...."")
msol = mdl.solve(TimeLimit=30)
if msol:
    print(""Solution found."")
    print(""Objective value (Makespan):"", msol.get_objective_value())
    print(""=== Machine Schedules ==="")
    for m in range(NB_MACHINES):
        print(f""\nMachine M{m}:"")
        machine_schedule = []
        for v in machine_operations[m]:
            itv = msol.get_var_solution(v)
            if itv.is_present():
                jn = job_number[v.get_name()]
                machine_schedule.append((itv.start, itv.end, f""J{jn}""))
        machine_schedule.sort(key=lambda x: x[0])
        for s, e, jn in machine_schedule:
            print(f""  {jn:<5} Start: {s:<5}  End: {e:<5}  Duration: {e-s}"")
else:
    print(""No solution found."")","1,4",Aircraft Skin Processing,"1. Decision Variables
x[j][o] []: Master interval variable for operation o of job j.
x[j][o][m] []: Optional interval for op o of job j on machine m with processing time d.

2. Parameters and Input Data
NB_JOBS: Number of jobs.
NB_MACHINES: Number of machines.
A[j][o]: Set of (machine,duration) choices for op o of job j.
tight/loose: Temporal constraint type between consecutive ops.

3. Constraints
[C1] Alternative Machine Assignment: alternative(x[j][o], [x[j][o][m] : m in A[j][o]])  forall j,o
  Note: Exactly one candidate machine selected per operation.
[C2] Operation Precedence: endBeforeStart(x[j][o], x[j][o+1])  forall j, o < last
  Note: Operations within a job execute in order.
[C3] Machine No-Overlap: noOverlap([x[j][o][m] : all j,o using machine m])  forall m
  Note: Each machine processes at most one operation at a time.
[C4] Tight Temporal Constraint: startOf(x[j][o+1]) - endOf(x[j][o]) <= 15  if CONSTRAINTS[j][o]='tight'
  Note: Inter-operation gap at most 15 time units for tight constraint.
[C5] Loose Temporal Constraint: startOf(x[j][o+1]) - endOf(x[j][o]) >= 30  if CONSTRAINTS[j][o]='loose'
  Note: Inter-operation gap at least 30 time units for loose constraint.

4. Objective Function
MINIMIZE minimize(max([endOf(x[j][o]) : all j,o]))
Note: Minimize makespan — maximum completion time across all operations.

5. Data Specification
NB_JOBS: Number of jobs. (input file fjsp_location_newdataset_1.fjs)
NB_MACHINES: Number of machines. (input file)
JOBS: Nested list: job→operation→[(machine,duration)]. (input file)
CONSTRAINTS: Per-operation temporal constraint type: tight/loose/none. (input file)",0.932,2026-06-25T12:20:49.047832,pipeline,,,,,
task_20260625_122049_update_20260625_144733,"This problem arises from aircraft manufacturing where multiple skin components need to be processed through a series of operations. In the flexible job shop scheduling environment, each job (representing an aircraft skin component) must be processed according to a predefined sequence of operations. Each operation can be performed on multiple candidate machines with different processing times, providing flexibility in machine selection. However, each machine can process only one operation at a time, ensuring no resource conflicts. The system automatically handles temporal constraints between consecutive operations: tight constraints require intervals of 15 time units or less, while loose constraints require intervals of 30 time units or more. The objective is to minimize the makespan, which represents the maximum completion time across all jobs, thus optimizing the overall production efficiency. Write a Python program using the docplex.cp module (IBM CP Optimizer) to solve this flexible job shop scheduling problem. The input data should be read from a file named ""fjsp_location_newdataset_1.fjs"" located in the data subdirectory. The file format is as follows: the first line contains the number of jobs and machines; subsequent lines contain job information with the number of operations, and for each operation, the number of candidate machines followed by machine-duration pairs, and temporal constraint types ('tight', 'loose', or 'none').","from docplex.cp.model import CpoModel
import os

filename = os.path.dirname(os.path.abspath(__file__)) + ""/data/fjsp_location_newdataset_1.fjs""
with open(filename, ""r"") as file:
    NB_JOBS, NB_MACHINES = [int(v) for v in file.readline().split()]
    list_jobs = [[v if v in ['tight', 'loose', 'none'] else int(v) for v in file.readline().split()] for i in
                 range(NB_JOBS)]

JOBS = []
CONSTRAINTS = []  

for jline in list_jobs:
    nbstps = jline.pop(0)
    job = []
    constraints = []
    for stp in range(nbstps):
        nbc = jline.pop(0)
        choices = []
        for c in range(nbc):
            m = jline.pop(0)
            d = jline.pop(0)
            choices.append((m - 1, d))
        constraint = jline.pop(0) 
        job.append(choices)
        constraints.append(constraint)
    JOBS.append(job)
    CONSTRAINTS.append(constraints)

mdl = CpoModel()
job_number = {}
all_operations = []
machine_operations = [[] for m in range(NB_MACHINES)]
job_operations = []

for jx, job in enumerate(JOBS):
    op_vars = []
    for ox, op in enumerate(job):
        choice_vars = []
        for cx, (m, d) in enumerate(op):
            cv = mdl.interval_var(name=""J{}_O{}_C{}_M{}"".format(jx, ox, cx, m),
                                  optional=True, size=d)
            job_number[cv.get_name()] = jx
            choice_vars.append(cv)
            machine_operations[m].append(cv)
        jv = mdl.interval_var(name=""J{}_O{}"".format(jx, ox))
        mdl.add(mdl.alternative(jv, choice_vars))
        op_vars.append(jv)
        if ox > 0:
            mdl.add(mdl.end_before_start(op_vars[ox - 1], op_vars[ox]))
        if ox > 0 and CONSTRAINTS[jx][ox - 1] == 'tight':
            mdl.add(mdl.start_of(op_vars[ox]) - mdl.end_of(op_vars[ox - 1]) <= 15)
        if ox > 0 and CONSTRAINTS[jx][ox - 1] == 'loose':
            mdl.add(mdl.start_of(op_vars[ox]) - mdl.end_of(op_vars[ox - 1]) >= 30)

    all_operations.extend(op_vars)
    job_operations.append(op_vars)


for lops in machine_operations:
    mdl.add(mdl.no_overlap(lops))
mdl.add(mdl.start_of(job_operations[0]) >= 20)
mdl.add(mdl.start_of(job_operations[0]) <= 100)
mdl.add(mdl.minimize(mdl.max([mdl.end_of(op) for op in all_operations])))

print(""Solving model...."")
msol = mdl.solve(TimeLimit=30)
if msol:
    print(""Solution found."")
    print(""Objective value (Makespan):"", msol.get_objective_value())
    print(""=== Machine Schedules ==="")
    for m in range(NB_MACHINES):
        print(f""\nMachine M{m}:"")
        machine_schedule = []
        for v in machine_operations[m]:
            itv = msol.get_var_solution(v)
            if itv.is_present():
                jn = job_number[v.get_name()]
                machine_schedule.append((itv.start, itv.end, f""J{jn}""))
        machine_schedule.sort(key=lambda x: x[0])
        for s, e, jn in machine_schedule:
            print(f""  {jn:<5} Start: {s:<5}  End: {e:<5}  Duration: {e-s}"")
else:
    print(""No solution found."")",base,Aircraft Skin Processing,"1. Decision Variables
x[j][o] []: Master interval variable for operation o of job j.
x[j][o][m] []: Optional interval for op o of job j on machine m with processing time d.

2. Parameters and Input Data
NB_JOBS: Number of jobs.
NB_MACHINES: Number of machines.
A[j][o]: Set of (machine,duration) choices for op o of job j.
tight/loose: Temporal constraint type between consecutive ops.

3. Constraints
[C1] Alternative Machine Assignment: alternative(x[j][o], [x[j][o][m] : m in A[j][o]])  forall j,o
  Note: Exactly one candidate machine selected per operation.
[C2] Operation Precedence: endBeforeStart(x[j][o], x[j][o+1])  forall j, o < last
  Note: Operations within a job execute in order.
[C3] Machine No-Overlap: noOverlap([x[j][o][m] : all j,o using machine m])  forall m
  Note: Each machine processes at most one operation at a time.
[C4] Tight Temporal Constraint: startOf(x[j][o+1]) - endOf(x[j][o]) <= 15  if CONSTRAINTS[j][o]='tight'
  Note: Inter-operation gap at most 15 time units for tight constraint.
[C5] Loose Temporal Constraint: startOf(x[j][o+1]) - endOf(x[j][o]) >= 30  if CONSTRAINTS[j][o]='loose'
  Note: Inter-operation gap at least 30 time units for loose constraint.
[C6] Temporal Window (Start Time): 20 \leq \text{startOf}(j_1) \leq 100
  docplex: model.add(model.startOf(job1) >= 20)
model.add(model.startOf(job1) <= 100)
  Note: Job 1 must start no earlier than time 20 and no later than time 100.

4. Objective Function
MINIMIZE minimize(max([endOf(x[j][o]) : all j,o]))
Note: Minimize makespan — maximum completion time across all operations.

5. Data Specification
NB_JOBS: Number of jobs. (input file fjsp_location_newdataset_1.fjs)
NB_MACHINES: Number of machines. (input file)
JOBS: Nested list: job→operation→[(machine,duration)]. (input file)
CONSTRAINTS: Per-operation temporal constraint type: tight/loose/none. (input file)",0.932,2026-06-25T14:47:37.130099,dynamic_constraint_adaptation,,,,,
task_20260625_122049_update_20260625_144733_update1,"This problem arises from aircraft manufacturing where multiple skin components need to be processed through a series of operations. In the flexible job shop scheduling environment, each job (representing an aircraft skin component) must be processed according to a predefined sequence of operations. Each operation can be performed on multiple candidate machines with different processing times, providing flexibility in machine selection. However, each machine can process only one operation at a time, ensuring no resource conflicts. The system automatically handles temporal constraints between consecutive operations: tight constraints require intervals of 15 time units or less, while loose constraints require intervals of 30 time units or more. The objective is to minimize the makespan, which represents the maximum completion time across all jobs, thus optimizing the overall production efficiency. Write a Python program using the docplex.cp module (IBM CP Optimizer) to solve this flexible job shop scheduling problem. The input data should be read from a file named ""fjsp_location_newdataset_1.fjs"" located in the data subdirectory. The file format is as follows: the first line contains the number of jobs and machines; subsequent lines contain job information with the number of operations, and for each operation, the number of candidate machines followed by machine-duration pairs, and temporal constraint types ('tight', 'loose', or 'none').

Additional constraint: Job 1 must commence within a restricted time window, specifically between time 20 and time 100","from docplex.cp.model import CpoModel
import os

filename = os.path.dirname(os.path.abspath(__file__)) + ""/data/fjsp_location_newdataset_1.fjs""
with open(filename, ""r"") as file:
    NB_JOBS, NB_MACHINES = [int(v) for v in file.readline().split()]
    list_jobs = [[v if v in ['tight', 'loose', 'none'] else int(v) for v in file.readline().split()] for i in
                 range(NB_JOBS)]

JOBS = []
CONSTRAINTS = []  

for jline in list_jobs:
    nbstps = jline.pop(0)
    job = []
    constraints = []
    for stp in range(nbstps):
        nbc = jline.pop(0)
        choices = []
        for c in range(nbc):
            m = jline.pop(0)
            d = jline.pop(0)
            choices.append((m - 1, d))
        constraint = jline.pop(0) 
        job.append(choices)
        constraints.append(constraint)
    JOBS.append(job)
    CONSTRAINTS.append(constraints)

mdl = CpoModel()
job_number = {}
all_operations = []
machine_operations = [[] for m in range(NB_MACHINES)]
job_operations = []

for jx, job in enumerate(JOBS):
    op_vars = []
    for ox, op in enumerate(job):
        choice_vars = []
        for cx, (m, d) in enumerate(op):
            cv = mdl.interval_var(name=""J{}_O{}_C{}_M{}"".format(jx, ox, cx, m),
                                  optional=True, size=d)
            job_number[cv.get_name()] = jx
            choice_vars.append(cv)
            machine_operations[m].append(cv)
        jv = mdl.interval_var(name=""J{}_O{}"".format(jx, ox))
        mdl.add(mdl.alternative(jv, choice_vars))
        op_vars.append(jv)
        if ox > 0:
            mdl.add(mdl.end_before_start(op_vars[ox - 1], op_vars[ox]))
        if ox > 0 and CONSTRAINTS[jx][ox - 1] == 'tight':
            mdl.add(mdl.start_of(op_vars[ox]) - mdl.end_of(op_vars[ox - 1]) <= 15)
        if ox > 0 and CONSTRAINTS[jx][ox - 1] == 'loose':
            mdl.add(mdl.start_of(op_vars[ox]) - mdl.end_of(op_vars[ox - 1]) >= 30)

    all_operations.extend(op_vars)
    job_operations.append(op_vars)


for lops in machine_operations:
    mdl.add(mdl.no_overlap(lops))
mdl.add(mdl.start_of(job_operations[0]) >= 20)
mdl.add(mdl.start_of(job_operations[0]) <= 100)
mdl.add(mdl.minimize(mdl.max([mdl.end_of(op) for op in all_operations])))

print(""Solving model...."")
msol = mdl.solve(TimeLimit=30)
if msol:
    print(""Solution found."")
    print(""Objective value (Makespan):"", msol.get_objective_value())
    print(""=== Machine Schedules ==="")
    for m in range(NB_MACHINES):
        print(f""\nMachine M{m}:"")
        machine_schedule = []
        for v in machine_operations[m]:
            itv = msol.get_var_solution(v)
            if itv.is_present():
                jn = job_number[v.get_name()]
                machine_schedule.append((itv.start, itv.end, f""J{jn}""))
        machine_schedule.sort(key=lambda x: x[0])
        for s, e, jn in machine_schedule:
            print(f""  {jn:<5} Start: {s:<5}  End: {e:<5}  Duration: {e-s}"")
else:
    print(""No solution found."")",1,Aircraft Skin Processing,"1. Decision Variables
x[j][o] []: Master interval variable for operation o of job j.
x[j][o][m] []: Optional interval for op o of job j on machine m with processing time d.

2. Parameters and Input Data
NB_JOBS: Number of jobs.
NB_MACHINES: Number of machines.
A[j][o]: Set of (machine,duration) choices for op o of job j.
tight/loose: Temporal constraint type between consecutive ops.

3. Constraints
[C1] Alternative Machine Assignment: alternative(x[j][o], [x[j][o][m] : m in A[j][o]])  forall j,o
  Note: Exactly one candidate machine selected per operation.
[C2] Operation Precedence: endBeforeStart(x[j][o], x[j][o+1])  forall j, o < last
  Note: Operations within a job execute in order.
[C3] Machine No-Overlap: noOverlap([x[j][o][m] : all j,o using machine m])  forall m
  Note: Each machine processes at most one operation at a time.
[C4] Tight Temporal Constraint: startOf(x[j][o+1]) - endOf(x[j][o]) <= 15  if CONSTRAINTS[j][o]='tight'
  Note: Inter-operation gap at most 15 time units for tight constraint.
[C5] Loose Temporal Constraint: startOf(x[j][o+1]) - endOf(x[j][o]) >= 30  if CONSTRAINTS[j][o]='loose'
  Note: Inter-operation gap at least 30 time units for loose constraint.
[C6] Temporal Window (Start Time): 20 \leq \text{startOf}(j_1) \leq 100
  docplex: model.add(model.startOf(job1) >= 20)
model.add(model.startOf(job1) <= 100)
  Note: Job 1 must start no earlier than time 20 and no later than time 100.

4. Objective Function
MINIMIZE minimize(max([endOf(x[j][o]) : all j,o]))
Note: Minimize makespan — maximum completion time across all operations.

5. Data Specification
NB_JOBS: Number of jobs. (input file fjsp_location_newdataset_1.fjs)
NB_MACHINES: Number of machines. (input file)
JOBS: Nested list: job→operation→[(machine,duration)]. (input file)
CONSTRAINTS: Per-operation temporal constraint type: tight/loose/none. (input file)",0.932,2026-06-25T14:47:37.131013,dynamic_constraint_adaptation,,,,,
task_20260625_145229,"This problem arises from aircraft manufacturing where multiple skin components need to be processed through a series of operations. In the flexible job shop scheduling environment, each job (representing an aircraft skin component) must be processed according to a predefined sequence of operations. Each operation can be performed on multiple candidate machines with different processing times, providing flexibility in machine selection. However, each machine can process only one operation at a time, ensuring no resource conflicts. The system automatically handles temporal constraints between consecutive operations: tight constraints require intervals of 15 time units or less, while loose constraints require intervals of 30 time units or more. The objective is to minimize the makespan, which represents the maximum completion time across all jobs, thus optimizing the overall production efficiency. Write a Python program using the docplex.cp module (IBM CP Optimizer) to solve this flexible job shop scheduling problem. The input data should be read from a file named ""fjsp_location_newdataset_1.fjs"" located in the data subdirectory. The file format is as follows: the first line contains the number of jobs and machines; subsequent lines contain job information with the number of operations, and for each operation, the number of candidate machines followed by machine-duration pairs, and temporal constraint types ('tight', 'loose', or 'none').","from docplex.cp.model import CpoModel
import os

filename = os.path.dirname(os.path.abspath(__file__)) + ""/data/fjsp_location_newdataset_1.fjs""
with open(filename, ""r"") as file:
    NB_JOBS, NB_MACHINES = [int(v) for v in file.readline().split()]
    list_jobs = [[v if v in ['tight', 'loose', 'none'] else int(v) for v in file.readline().split()] for i in
                 range(NB_JOBS)]

JOBS = []
CONSTRAINTS = []  

for jline in list_jobs:
    nbstps = jline.pop(0)
    job = []
    constraints = []
    for stp in range(nbstps):
        nbc = jline.pop(0)
        choices = []
        for c in range(nbc):
            m = jline.pop(0)
            d = jline.pop(0)
            choices.append((m - 1, d))
        constraint = jline.pop(0) 
        job.append(choices)
        constraints.append(constraint)
    JOBS.append(job)
    CONSTRAINTS.append(constraints)

mdl = CpoModel()
job_number = {}
all_operations = []
machine_operations = [[] for m in range(NB_MACHINES)]
job_operations = []

for jx, job in enumerate(JOBS):
    op_vars = []
    for ox, op in enumerate(job):
        choice_vars = []
        for cx, (m, d) in enumerate(op):
            cv = mdl.interval_var(name=""J{}_O{}_C{}_M{}"".format(jx, ox, cx, m),
                                  optional=True, size=d)
            job_number[cv.get_name()] = jx
            choice_vars.append(cv)
            machine_operations[m].append(cv)
        jv = mdl.interval_var(name=""J{}_O{}"".format(jx, ox))
        mdl.add(mdl.alternative(jv, choice_vars))
        op_vars.append(jv)
        if ox > 0:
            mdl.add(mdl.end_before_start(op_vars[ox - 1], op_vars[ox]))
        if ox > 0 and CONSTRAINTS[jx][ox - 1] == 'tight':
            mdl.add(mdl.start_of(op_vars[ox]) - mdl.end_of(op_vars[ox - 1]) <= 15)
        if ox > 0 and CONSTRAINTS[jx][ox - 1] == 'loose':
            mdl.add(mdl.start_of(op_vars[ox]) - mdl.end_of(op_vars[ox - 1]) >= 30)

    all_operations.extend(op_vars)
    job_operations.append(op_vars)


for lops in machine_operations:
    mdl.add(mdl.no_overlap(lops))
mdl.add(mdl.minimize(mdl.max([mdl.end_of(op) for op in all_operations])))

print(""Solving model...."")
msol = mdl.solve(TimeLimit=30)
if msol:
    print(""Solution found."")
    print(""Objective value (Makespan):"", msol.get_objective_value())
    print(""=== Machine Schedules ==="")
    for m in range(NB_MACHINES):
        print(f""\nMachine M{m}:"")
        machine_schedule = []
        for v in machine_operations[m]:
            itv = msol.get_var_solution(v)
            if itv.is_present():
                jn = job_number[v.get_name()]
                machine_schedule.append((itv.start, itv.end, f""J{jn}""))
        machine_schedule.sort(key=lambda x: x[0])
        for s, e, jn in machine_schedule:
            print(f""  {jn:<5} Start: {s:<5}  End: {e:<5}  Duration: {e-s}"")
else:
    print(""No solution found."")","1,4",Aircraft Skin Processing,"1. Decision Variables
x[j][o] []: Master interval variable for operation o of job j.
x[j][o][m] []: Optional interval for op o of job j on machine m with processing time d.

2. Parameters and Input Data
NB_JOBS: Number of jobs.
NB_MACHINES: Number of machines.
A[j][o]: Set of (machine,duration) choices for op o of job j.
tight/loose: Temporal constraint type between consecutive ops.

3. Constraints
[C1] Alternative Machine Assignment: alternative(x[j][o], [x[j][o][m] : m in A[j][o]])  forall j,o
  Note: Exactly one candidate machine selected per operation.
[C2] Operation Precedence: endBeforeStart(x[j][o], x[j][o+1])  forall j, o < last
  Note: Operations within a job execute in order.
[C3] Machine No-Overlap: noOverlap([x[j][o][m] : all j,o using machine m])  forall m
  Note: Each machine processes at most one operation at a time.
[C4] Tight Temporal Constraint: startOf(x[j][o+1]) - endOf(x[j][o]) <= 15  if CONSTRAINTS[j][o]='tight'
  Note: Inter-operation gap at most 15 time units for tight constraint.
[C5] Loose Temporal Constraint: startOf(x[j][o+1]) - endOf(x[j][o]) >= 30  if CONSTRAINTS[j][o]='loose'
  Note: Inter-operation gap at least 30 time units for loose constraint.

4. Objective Function
MINIMIZE minimize(max([endOf(x[j][o]) : all j,o]))
Note: Minimize makespan — maximum completion time across all operations.

5. Data Specification
NB_JOBS: Number of jobs. (input file fjsp_location_newdataset_1.fjs)
NB_MACHINES: Number of machines. (input file)
JOBS: Nested list: job→operation→[(machine,duration)]. (input file)
CONSTRAINTS: Per-operation temporal constraint type: tight/loose/none. (input file)",0.932,2026-06-25T14:52:29.828946,pipeline,,,,,
task_20260625_145229_update_20260625_145553,"This problem arises from aircraft manufacturing where multiple skin components need to be processed through a series of operations. In the flexible job shop scheduling environment, each job (representing an aircraft skin component) must be processed according to a predefined sequence of operations. Each operation can be performed on multiple candidate machines with different processing times, providing flexibility in machine selection. However, each machine can process only one operation at a time, ensuring no resource conflicts. The system automatically handles temporal constraints between consecutive operations: tight constraints require intervals of 15 time units or less, while loose constraints require intervals of 30 time units or more. The objective is to minimize the makespan, which represents the maximum completion time across all jobs, thus optimizing the overall production efficiency. Write a Python program using the docplex.cp module (IBM CP Optimizer) to solve this flexible job shop scheduling problem. The input data should be read from a file named ""fjsp_location_newdataset_1.fjs"" located in the data subdirectory. The file format is as follows: the first line contains the number of jobs and machines; subsequent lines contain job information with the number of operations, and for each operation, the number of candidate machines followed by machine-duration pairs, and temporal constraint types ('tight', 'loose', or 'none').","from docplex.cp.model import CpoModel
import os

filename = os.path.dirname(os.path.abspath(__file__)) + ""/data/fjsp_location_newdataset_1.fjs""
with open(filename, ""r"") as file:
    NB_JOBS, NB_MACHINES = [int(v) for v in file.readline().split()]
    list_jobs = [[v if v in ['tight', 'loose', 'none'] else int(v) for v in file.readline().split()] for i in
                 range(NB_JOBS)]

JOBS = []
CONSTRAINTS = []  

for jline in list_jobs:
    nbstps = jline.pop(0)
    job = []
    constraints = []
    for stp in range(nbstps):
        nbc = jline.pop(0)
        choices = []
        for c in range(nbc):
            m = jline.pop(0)
            d = jline.pop(0)
            choices.append((m - 1, d))
        constraint = jline.pop(0) 
        job.append(choices)
        constraints.append(constraint)
    JOBS.append(job)
    CONSTRAINTS.append(constraints)

mdl = CpoModel()
job_number = {}
all_operations = []
machine_operations = [[] for m in range(NB_MACHINES)]
job_operations = []

for jx, job in enumerate(JOBS):
    op_vars = []
    for ox, op in enumerate(job):
        choice_vars = []
        for cx, (m, d) in enumerate(op):
            cv = mdl.interval_var(name=""J{}_O{}_C{}_M{}"".format(jx, ox, cx, m),
                                  optional=True, size=d)
            job_number[cv.get_name()] = jx
            choice_vars.append(cv)
            machine_operations[m].append(cv)
        jv = mdl.interval_var(name=""J{}_O{}"".format(jx, ox))
        mdl.add(mdl.alternative(jv, choice_vars))
        op_vars.append(jv)
        if ox > 0:
            mdl.add(mdl.end_before_start(op_vars[ox - 1], op_vars[ox]))
        if ox > 0 and CONSTRAINTS[jx][ox - 1] == 'tight':
            mdl.add(mdl.start_of(op_vars[ox]) - mdl.end_of(op_vars[ox - 1]) <= 15)
        if ox > 0 and CONSTRAINTS[jx][ox - 1] == 'loose':
            mdl.add(mdl.start_of(op_vars[ox]) - mdl.end_of(op_vars[ox - 1]) >= 30)

    all_operations.extend(op_vars)
    job_operations.append(op_vars)


for lops in machine_operations:
    mdl.add(mdl.no_overlap(lops))
for op in job_operations[0]:
    mdl.add(mdl.start_of(op) >= 20)
    mdl.add(mdl.start_of(op) <= 100)
mdl.add(mdl.minimize(mdl.max([mdl.end_of(op) for op in all_operations])))

print(""Solving model...."")
msol = mdl.solve(TimeLimit=30)
if msol:
    print(""Solution found."")
    print(""Objective value (Makespan):"", msol.get_objective_value())
    print(""=== Machine Schedules ==="")
    for m in range(NB_MACHINES):
        print(f""\nMachine M{m}:"")
        machine_schedule = []
        for v in machine_operations[m]:
            itv = msol.get_var_solution(v)
            if itv.is_present():
                jn = job_number[v.get_name()]
                machine_schedule.append((itv.start, itv.end, f""J{jn}""))
        machine_schedule.sort(key=lambda x: x[0])
        for s, e, jn in machine_schedule:
            print(f""  {jn:<5} Start: {s:<5}  End: {e:<5}  Duration: {e-s}"")
else:
    print(""No solution found."")",base,Aircraft Skin Processing,"1. Decision Variables
x[j][o] []: Master interval variable for operation o of job j.
x[j][o][m] []: Optional interval for op o of job j on machine m with processing time d.

2. Parameters and Input Data
NB_JOBS: Number of jobs.
NB_MACHINES: Number of machines.
A[j][o]: Set of (machine,duration) choices for op o of job j.
tight/loose: Temporal constraint type between consecutive ops.

3. Constraints
[C1] Alternative Machine Assignment: alternative(x[j][o], [x[j][o][m] : m in A[j][o]])  forall j,o
  Note: Exactly one candidate machine selected per operation.
[C2] Operation Precedence: endBeforeStart(x[j][o], x[j][o+1])  forall j, o < last
  Note: Operations within a job execute in order.
[C3] Machine No-Overlap: noOverlap([x[j][o][m] : all j,o using machine m])  forall m
  Note: Each machine processes at most one operation at a time.
[C4] Tight Temporal Constraint: startOf(x[j][o+1]) - endOf(x[j][o]) <= 15  if CONSTRAINTS[j][o]='tight'
  Note: Inter-operation gap at most 15 time units for tight constraint.
[C5] Loose Temporal Constraint: startOf(x[j][o+1]) - endOf(x[j][o]) >= 30  if CONSTRAINTS[j][o]='loose'
  Note: Inter-operation gap at least 30 time units for loose constraint.
[C6] Temporal Window (Start Time): 20 \leq \text{startOf}(\text{job}_1) \leq 100
  docplex: model.add(model.startOf(job_1) >= 20)
model.add(model.startOf(job_1) <= 100)
  Note: Job 1 must start no earlier than time 20 and no later than time 100.

4. Objective Function
MINIMIZE minimize(max([endOf(x[j][o]) : all j,o]))
Note: Minimize makespan — maximum completion time across all operations.

5. Data Specification
NB_JOBS: Number of jobs. (input file fjsp_location_newdataset_1.fjs)
NB_MACHINES: Number of machines. (input file)
JOBS: Nested list: job→operation→[(machine,duration)]. (input file)
CONSTRAINTS: Per-operation temporal constraint type: tight/loose/none. (input file)",0.932,2026-06-25T14:55:56.429258,dynamic_constraint_adaptation,,,,,
task_20260625_145229_update_20260625_145553_update1,"This problem arises from aircraft manufacturing where multiple skin components need to be processed through a series of operations. In the flexible job shop scheduling environment, each job (representing an aircraft skin component) must be processed according to a predefined sequence of operations. Each operation can be performed on multiple candidate machines with different processing times, providing flexibility in machine selection. However, each machine can process only one operation at a time, ensuring no resource conflicts. The system automatically handles temporal constraints between consecutive operations: tight constraints require intervals of 15 time units or less, while loose constraints require intervals of 30 time units or more. The objective is to minimize the makespan, which represents the maximum completion time across all jobs, thus optimizing the overall production efficiency. Write a Python program using the docplex.cp module (IBM CP Optimizer) to solve this flexible job shop scheduling problem. The input data should be read from a file named ""fjsp_location_newdataset_1.fjs"" located in the data subdirectory. The file format is as follows: the first line contains the number of jobs and machines; subsequent lines contain job information with the number of operations, and for each operation, the number of candidate machines followed by machine-duration pairs, and temporal constraint types ('tight', 'loose', or 'none').

Additional constraint: Job 1 must commence within a restricted time window, specifically between time 20 and time 100","from docplex.cp.model import CpoModel
import os

filename = os.path.dirname(os.path.abspath(__file__)) + ""/data/fjsp_location_newdataset_1.fjs""
with open(filename, ""r"") as file:
    NB_JOBS, NB_MACHINES = [int(v) for v in file.readline().split()]
    list_jobs = [[v if v in ['tight', 'loose', 'none'] else int(v) for v in file.readline().split()] for i in
                 range(NB_JOBS)]

JOBS = []
CONSTRAINTS = []  

for jline in list_jobs:
    nbstps = jline.pop(0)
    job = []
    constraints = []
    for stp in range(nbstps):
        nbc = jline.pop(0)
        choices = []
        for c in range(nbc):
            m = jline.pop(0)
            d = jline.pop(0)
            choices.append((m - 1, d))
        constraint = jline.pop(0) 
        job.append(choices)
        constraints.append(constraint)
    JOBS.append(job)
    CONSTRAINTS.append(constraints)

mdl = CpoModel()
job_number = {}
all_operations = []
machine_operations = [[] for m in range(NB_MACHINES)]
job_operations = []

for jx, job in enumerate(JOBS):
    op_vars = []
    for ox, op in enumerate(job):
        choice_vars = []
        for cx, (m, d) in enumerate(op):
            cv = mdl.interval_var(name=""J{}_O{}_C{}_M{}"".format(jx, ox, cx, m),
                                  optional=True, size=d)
            job_number[cv.get_name()] = jx
            choice_vars.append(cv)
            machine_operations[m].append(cv)
        jv = mdl.interval_var(name=""J{}_O{}"".format(jx, ox))
        mdl.add(mdl.alternative(jv, choice_vars))
        op_vars.append(jv)
        if ox > 0:
            mdl.add(mdl.end_before_start(op_vars[ox - 1], op_vars[ox]))
        if ox > 0 and CONSTRAINTS[jx][ox - 1] == 'tight':
            mdl.add(mdl.start_of(op_vars[ox]) - mdl.end_of(op_vars[ox - 1]) <= 15)
        if ox > 0 and CONSTRAINTS[jx][ox - 1] == 'loose':
            mdl.add(mdl.start_of(op_vars[ox]) - mdl.end_of(op_vars[ox - 1]) >= 30)

    all_operations.extend(op_vars)
    job_operations.append(op_vars)


for lops in machine_operations:
    mdl.add(mdl.no_overlap(lops))
for op in job_operations[0]:
    mdl.add(mdl.start_of(op) >= 20)
    mdl.add(mdl.start_of(op) <= 100)
mdl.add(mdl.minimize(mdl.max([mdl.end_of(op) for op in all_operations])))

print(""Solving model...."")
msol = mdl.solve(TimeLimit=30)
if msol:
    print(""Solution found."")
    print(""Objective value (Makespan):"", msol.get_objective_value())
    print(""=== Machine Schedules ==="")
    for m in range(NB_MACHINES):
        print(f""\nMachine M{m}:"")
        machine_schedule = []
        for v in machine_operations[m]:
            itv = msol.get_var_solution(v)
            if itv.is_present():
                jn = job_number[v.get_name()]
                machine_schedule.append((itv.start, itv.end, f""J{jn}""))
        machine_schedule.sort(key=lambda x: x[0])
        for s, e, jn in machine_schedule:
            print(f""  {jn:<5} Start: {s:<5}  End: {e:<5}  Duration: {e-s}"")
else:
    print(""No solution found."")",1,Aircraft Skin Processing,"1. Decision Variables
x[j][o] []: Master interval variable for operation o of job j.
x[j][o][m] []: Optional interval for op o of job j on machine m with processing time d.

2. Parameters and Input Data
NB_JOBS: Number of jobs.
NB_MACHINES: Number of machines.
A[j][o]: Set of (machine,duration) choices for op o of job j.
tight/loose: Temporal constraint type between consecutive ops.

3. Constraints
[C1] Alternative Machine Assignment: alternative(x[j][o], [x[j][o][m] : m in A[j][o]])  forall j,o
  Note: Exactly one candidate machine selected per operation.
[C2] Operation Precedence: endBeforeStart(x[j][o], x[j][o+1])  forall j, o < last
  Note: Operations within a job execute in order.
[C3] Machine No-Overlap: noOverlap([x[j][o][m] : all j,o using machine m])  forall m
  Note: Each machine processes at most one operation at a time.
[C4] Tight Temporal Constraint: startOf(x[j][o+1]) - endOf(x[j][o]) <= 15  if CONSTRAINTS[j][o]='tight'
  Note: Inter-operation gap at most 15 time units for tight constraint.
[C5] Loose Temporal Constraint: startOf(x[j][o+1]) - endOf(x[j][o]) >= 30  if CONSTRAINTS[j][o]='loose'
  Note: Inter-operation gap at least 30 time units for loose constraint.
[C6] Temporal Window (Start Time): 20 \leq \text{startOf}(\text{job}_1) \leq 100
  docplex: model.add(model.startOf(job_1) >= 20)
model.add(model.startOf(job_1) <= 100)
  Note: Job 1 must start no earlier than time 20 and no later than time 100.

4. Objective Function
MINIMIZE minimize(max([endOf(x[j][o]) : all j,o]))
Note: Minimize makespan — maximum completion time across all operations.

5. Data Specification
NB_JOBS: Number of jobs. (input file fjsp_location_newdataset_1.fjs)
NB_MACHINES: Number of machines. (input file)
JOBS: Nested list: job→operation→[(machine,duration)]. (input file)
CONSTRAINTS: Per-operation temporal constraint type: tight/loose/none. (input file)",0.932,2026-06-25T14:55:56.429258,dynamic_constraint_adaptation,,,,,
task_20260625_145229_update_20260625_145553_solve_20260625_145634_solve,"This problem arises from aircraft manufacturing where multiple skin components need to be processed through a series of operations. In the flexible job shop scheduling environment, each job (representing an aircraft skin component) must be processed according to a predefined sequence of operations. Each operation can be performed on multiple candidate machines with different processing times, providing flexibility in machine selection. However, each machine can process only one operation at a time, ensuring no resource conflicts. The system automatically handles temporal constraints between consecutive operations: tight constraints require intervals of 15 time units or less, while loose constraints require intervals of 30 time units or more. The objective is to minimize the makespan, which represents the maximum completion time across all jobs, thus optimizing the overall production efficiency. Write a Python program using the docplex.cp module (IBM CP Optimizer) to solve this flexible job shop scheduling problem. The input data should be read from a file named ""fjsp_location_newdataset_1.fjs"" located in the data subdirectory. The file format is as follows: the first line contains the number of jobs and machines; subsequent lines contain job information with the number of operations, and for each operation, the number of candidate machines followed by machine-duration pairs, and temporal constraint types ('tight', 'loose', or 'none').","from docplex.cp.model import CpoModel
import os

filename = os.path.dirname(os.path.abspath(__file__)) + ""/data/fjsp_location_newdataset_1.fjs""
with open(filename, ""r"") as file:
    NB_JOBS, NB_MACHINES = [int(v) for v in file.readline().split()]
    list_jobs = [[v if v in ['tight', 'loose', 'none'] else int(v) for v in file.readline().split()] for i in
                 range(NB_JOBS)]

JOBS = []
CONSTRAINTS = []  

for jline in list_jobs:
    nbstps = jline.pop(0)
    job = []
    constraints = []
    for stp in range(nbstps):
        nbc = jline.pop(0)
        choices = []
        for c in range(nbc):
            m = jline.pop(0)
            d = jline.pop(0)
            choices.append((m - 1, d))
        constraint = jline.pop(0) 
        job.append(choices)
        constraints.append(constraint)
    JOBS.append(job)
    CONSTRAINTS.append(constraints)

mdl = CpoModel()
job_number = {}
all_operations = []
machine_operations = [[] for m in range(NB_MACHINES)]
job_operations = []

for jx, job in enumerate(JOBS):
    op_vars = []
    for ox, op in enumerate(job):
        choice_vars = []
        for cx, (m, d) in enumerate(op):
            cv = mdl.interval_var(name=""J{}_O{}_C{}_M{}"".format(jx, ox, cx, m),
                                  optional=True, size=d)
            job_number[cv.get_name()] = jx
            choice_vars.append(cv)
            machine_operations[m].append(cv)
        jv = mdl.interval_var(name=""J{}_O{}"".format(jx, ox))
        mdl.add(mdl.alternative(jv, choice_vars))
        op_vars.append(jv)
        if ox > 0:
            mdl.add(mdl.end_before_start(op_vars[ox - 1], op_vars[ox]))
        if ox > 0 and CONSTRAINTS[jx][ox - 1] == 'tight':
            mdl.add(mdl.start_of(op_vars[ox]) - mdl.end_of(op_vars[ox - 1]) <= 15)
        if ox > 0 and CONSTRAINTS[jx][ox - 1] == 'loose':
            mdl.add(mdl.start_of(op_vars[ox]) - mdl.end_of(op_vars[ox - 1]) >= 30)

    all_operations.extend(op_vars)
    job_operations.append(op_vars)


for lops in machine_operations:
    mdl.add(mdl.no_overlap(lops))
for op in job_operations[0]:
    mdl.add(mdl.start_of(op) >= 20)
    mdl.add(mdl.start_of(op) <= 100)
mdl.add(mdl.minimize(mdl.max([mdl.end_of(op) for op in all_operations])))

print(""Solving model...."")
msol = mdl.solve(TimeLimit=30)
if msol:
    print(""Solution found."")
    print(""Objective value (Makespan):"", msol.get_objective_value())
    print(""=== Machine Schedules ==="")
    for m in range(NB_MACHINES):
        print(f""\nMachine M{m}:"")
        machine_schedule = []
        for v in machine_operations[m]:
            itv = msol.get_var_solution(v)
            if itv.is_present():
                jn = job_number[v.get_name()]
                machine_schedule.append((itv.start, itv.end, f""J{jn}""))
        machine_schedule.sort(key=lambda x: x[0])
        for s, e, jn in machine_schedule:
            print(f""  {jn:<5} Start: {s:<5}  End: {e:<5}  Duration: {e-s}"")
else:
    print(""No solution found."")","1,4",Aircraft Skin Processing,"1. Decision Variables
x[j][o] []: Master interval variable for operation o of job j.
x[j][o][m] []: Optional interval for op o of job j on machine m with processing time d.

2. Parameters and Input Data
NB_JOBS: Number of jobs.
NB_MACHINES: Number of machines.
A[j][o]: Set of (machine,duration) choices for op o of job j.
tight/loose: Temporal constraint type between consecutive ops.

3. Constraints
[C1] Alternative Machine Assignment: alternative(x[j][o], [x[j][o][m] : m in A[j][o]])  forall j,o
  Note: Exactly one candidate machine selected per operation.
[C2] Operation Precedence: endBeforeStart(x[j][o], x[j][o+1])  forall j, o < last
  Note: Operations within a job execute in order.
[C3] Machine No-Overlap: noOverlap([x[j][o][m] : all j,o using machine m])  forall m
  Note: Each machine processes at most one operation at a time.
[C4] Tight Temporal Constraint: startOf(x[j][o+1]) - endOf(x[j][o]) <= 15  if CONSTRAINTS[j][o]='tight'
  Note: Inter-operation gap at most 15 time units for tight constraint.
[C5] Loose Temporal Constraint: startOf(x[j][o+1]) - endOf(x[j][o]) >= 30  if CONSTRAINTS[j][o]='loose'
  Note: Inter-operation gap at least 30 time units for loose constraint.
[C6] Temporal Window (Start Time): 20 \leq \text{startOf}(\text{job}_1) \leq 100
  docplex: model.add(model.startOf(job_1) >= 20)
model.add(model.startOf(job_1) <= 100)
  Note: Job 1 must start no earlier than time 20 and no later than time 100.

4. Objective Function
MINIMIZE minimize(max([endOf(x[j][o]) : all j,o]))
Note: Minimize makespan — maximum completion time across all operations.

5. Data Specification
NB_JOBS: Number of jobs. (input file fjsp_location_newdataset_1.fjs)
NB_MACHINES: Number of machines. (input file)
JOBS: Nested list: job→operation→[(machine,duration)]. (input file)
CONSTRAINTS: Per-operation temporal constraint type: tight/loose/none. (input file)",0.932,2026-06-25T14:56:36.166798,solver,no_solution,,1.44,No solution found.,
task_20260625_145229_update_20260625_145553_update_20260625_150609,"This problem arises from aircraft manufacturing where multiple skin components need to be processed through a series of operations. In the flexible job shop scheduling environment, each job (representing an aircraft skin component) must be processed according to a predefined sequence of operations. Each operation can be performed on multiple candidate machines with different processing times, providing flexibility in machine selection. However, each machine can process only one operation at a time, ensuring no resource conflicts. The system automatically handles temporal constraints between consecutive operations: tight constraints require intervals of 15 time units or less, while loose constraints require intervals of 30 time units or more. The objective is to minimize the makespan, which represents the maximum completion time across all jobs, thus optimizing the overall production efficiency. Write a Python program using the docplex.cp module (IBM CP Optimizer) to solve this flexible job shop scheduling problem. The input data should be read from a file named ""fjsp_location_newdataset_1.fjs"" located in the data subdirectory. The file format is as follows: the first line contains the number of jobs and machines; subsequent lines contain job information with the number of operations, and for each operation, the number of candidate machines followed by machine-duration pairs, and temporal constraint types ('tight', 'loose', or 'none').","from docplex.cp.model import CpoModel
import os

filename = os.path.dirname(os.path.abspath(__file__)) + ""/data/fjsp_location_newdataset_1.fjs""
with open(filename, ""r"") as file:
    NB_JOBS, NB_MACHINES = [int(v) for v in file.readline().split()]
    list_jobs = [[v if v in ['tight', 'loose', 'none'] else int(v) for v in file.readline().split()] for i in
                 range(NB_JOBS)]

JOBS = []
CONSTRAINTS = []  

for jline in list_jobs:
    nbstps = jline.pop(0)
    job = []
    constraints = []
    for stp in range(nbstps):
        nbc = jline.pop(0)
        choices = []
        for c in range(nbc):
            m = jline.pop(0)
            d = jline.pop(0)
            choices.append((m - 1, d))
        constraint = jline.pop(0) 
        job.append(choices)
        constraints.append(constraint)
    JOBS.append(job)
    CONSTRAINTS.append(constraints)

mdl = CpoModel()
job_number = {}
all_operations = []
machine_operations = [[] for m in range(NB_MACHINES)]
job_operations = []

for jx, job in enumerate(JOBS):
    op_vars = []
    for ox, op in enumerate(job):
        choice_vars = []
        for cx, (m, d) in enumerate(op):
            cv = mdl.interval_var(name=""J{}_O{}_C{}_M{}"".format(jx, ox, cx, m),
                                  optional=True, size=d)
            job_number[cv.get_name()] = jx
            choice_vars.append(cv)
            machine_operations[m].append(cv)
        jv = mdl.interval_var(name=""J{}_O{}"".format(jx, ox))
        mdl.add(mdl.alternative(jv, choice_vars))
        op_vars.append(jv)
        if ox > 0:
            mdl.add(mdl.end_before_start(op_vars[ox - 1], op_vars[ox]))
        if ox > 0 and CONSTRAINTS[jx][ox - 1] == 'tight':
            mdl.add(mdl.start_of(op_vars[ox]) - mdl.end_of(op_vars[ox - 1]) <= 15)
        if ox > 0 and CONSTRAINTS[jx][ox - 1] == 'loose':
            mdl.add(mdl.start_of(op_vars[ox]) - mdl.end_of(op_vars[ox - 1]) >= 30)

    all_operations.extend(op_vars)
    job_operations.append(op_vars)


for lops in machine_operations:
    mdl.add(mdl.no_overlap(lops))
for op in job_operations[0]:
    mdl.add(mdl.start_of(op) >= 20)
    mdl.add(mdl.start_of(op) <= 100)
for op in job_operations[0]:
    mdl.add(mdl.start_of(op) >= 20)
    mdl.add(mdl.start_of(op) <= 100)
mdl.add(mdl.minimize(mdl.max([mdl.end_of(op) for op in all_operations])))

print(""Solving model...."")
msol = mdl.solve(TimeLimit=30)
if msol:
    print(""Solution found."")
    print(""Objective value (Makespan):"", msol.get_objective_value())
    print(""=== Machine Schedules ==="")
    for m in range(NB_MACHINES):
        print(f""\nMachine M{m}:"")
        machine_schedule = []
        for v in machine_operations[m]:
            itv = msol.get_var_solution(v)
            if itv.is_present():
                jn = job_number[v.get_name()]
                machine_schedule.append((itv.start, itv.end, f""J{jn}""))
        machine_schedule.sort(key=lambda x: x[0])
        for s, e, jn in machine_schedule:
            print(f""  {jn:<5} Start: {s:<5}  End: {e:<5}  Duration: {e-s}"")
else:
    print(""No solution found."")",base,Aircraft Skin Processing,"1. Decision Variables
x[j][o] []: Master interval variable for operation o of job j.
x[j][o][m] []: Optional interval for op o of job j on machine m with processing time d.

2. Parameters and Input Data
NB_JOBS: Number of jobs.
NB_MACHINES: Number of machines.
A[j][o]: Set of (machine,duration) choices for op o of job j.
tight/loose: Temporal constraint type between consecutive ops.

3. Constraints
[C1] Alternative Machine Assignment: alternative(x[j][o], [x[j][o][m] : m in A[j][o]])  forall j,o
  Note: Exactly one candidate machine selected per operation.
[C2] Operation Precedence: endBeforeStart(x[j][o], x[j][o+1])  forall j, o < last
  Note: Operations within a job execute in order.
[C3] Machine No-Overlap: noOverlap([x[j][o][m] : all j,o using machine m])  forall m
  Note: Each machine processes at most one operation at a time.
[C4] Tight Temporal Constraint: startOf(x[j][o+1]) - endOf(x[j][o]) <= 15  if CONSTRAINTS[j][o]='tight'
  Note: Inter-operation gap at most 15 time units for tight constraint.
[C5] Loose Temporal Constraint: startOf(x[j][o+1]) - endOf(x[j][o]) >= 30  if CONSTRAINTS[j][o]='loose'
  Note: Inter-operation gap at least 30 time units for loose constraint.
[C6] Temporal Window (Start Time): 20 \leq \text{startOf}(\text{job}_1) \leq 100
  docplex: model.add(model.startOf(job_1) >= 20)
model.add(model.startOf(job_1) <= 100)
  Note: Job 1 must start no earlier than time 20 and no later than time 100.
[C7] Temporal Window (Start Time): 20 \leq \text{startOf}(\text{job}_1) \leq 100
  docplex: model.add(model.startOf(job_1) >= 20)
model.add(model.startOf(job_1) <= 100)
  Note: Job 1 must start no earlier than time 20 and no later than time 100.

4. Objective Function
MINIMIZE minimize(max([endOf(x[j][o]) : all j,o]))
Note: Minimize makespan — maximum completion time across all operations.

5. Data Specification
NB_JOBS: Number of jobs. (input file fjsp_location_newdataset_1.fjs)
NB_MACHINES: Number of machines. (input file)
JOBS: Nested list: job→operation→[(machine,duration)]. (input file)
CONSTRAINTS: Per-operation temporal constraint type: tight/loose/none. (input file)",0.932,2026-06-25T15:06:12.861600,dynamic_constraint_adaptation,,,,,
task_20260625_145229_update_20260625_145553_update_20260625_150609_update1,"This problem arises from aircraft manufacturing where multiple skin components need to be processed through a series of operations. In the flexible job shop scheduling environment, each job (representing an aircraft skin component) must be processed according to a predefined sequence of operations. Each operation can be performed on multiple candidate machines with different processing times, providing flexibility in machine selection. However, each machine can process only one operation at a time, ensuring no resource conflicts. The system automatically handles temporal constraints between consecutive operations: tight constraints require intervals of 15 time units or less, while loose constraints require intervals of 30 time units or more. The objective is to minimize the makespan, which represents the maximum completion time across all jobs, thus optimizing the overall production efficiency. Write a Python program using the docplex.cp module (IBM CP Optimizer) to solve this flexible job shop scheduling problem. The input data should be read from a file named ""fjsp_location_newdataset_1.fjs"" located in the data subdirectory. The file format is as follows: the first line contains the number of jobs and machines; subsequent lines contain job information with the number of operations, and for each operation, the number of candidate machines followed by machine-duration pairs, and temporal constraint types ('tight', 'loose', or 'none').

Additional constraint: Job 1 must commence within a restricted time window, specifically between time 20 and time 100","from docplex.cp.model import CpoModel
import os

filename = os.path.dirname(os.path.abspath(__file__)) + ""/data/fjsp_location_newdataset_1.fjs""
with open(filename, ""r"") as file:
    NB_JOBS, NB_MACHINES = [int(v) for v in file.readline().split()]
    list_jobs = [[v if v in ['tight', 'loose', 'none'] else int(v) for v in file.readline().split()] for i in
                 range(NB_JOBS)]

JOBS = []
CONSTRAINTS = []  

for jline in list_jobs:
    nbstps = jline.pop(0)
    job = []
    constraints = []
    for stp in range(nbstps):
        nbc = jline.pop(0)
        choices = []
        for c in range(nbc):
            m = jline.pop(0)
            d = jline.pop(0)
            choices.append((m - 1, d))
        constraint = jline.pop(0) 
        job.append(choices)
        constraints.append(constraint)
    JOBS.append(job)
    CONSTRAINTS.append(constraints)

mdl = CpoModel()
job_number = {}
all_operations = []
machine_operations = [[] for m in range(NB_MACHINES)]
job_operations = []

for jx, job in enumerate(JOBS):
    op_vars = []
    for ox, op in enumerate(job):
        choice_vars = []
        for cx, (m, d) in enumerate(op):
            cv = mdl.interval_var(name=""J{}_O{}_C{}_M{}"".format(jx, ox, cx, m),
                                  optional=True, size=d)
            job_number[cv.get_name()] = jx
            choice_vars.append(cv)
            machine_operations[m].append(cv)
        jv = mdl.interval_var(name=""J{}_O{}"".format(jx, ox))
        mdl.add(mdl.alternative(jv, choice_vars))
        op_vars.append(jv)
        if ox > 0:
            mdl.add(mdl.end_before_start(op_vars[ox - 1], op_vars[ox]))
        if ox > 0 and CONSTRAINTS[jx][ox - 1] == 'tight':
            mdl.add(mdl.start_of(op_vars[ox]) - mdl.end_of(op_vars[ox - 1]) <= 15)
        if ox > 0 and CONSTRAINTS[jx][ox - 1] == 'loose':
            mdl.add(mdl.start_of(op_vars[ox]) - mdl.end_of(op_vars[ox - 1]) >= 30)

    all_operations.extend(op_vars)
    job_operations.append(op_vars)


for lops in machine_operations:
    mdl.add(mdl.no_overlap(lops))
for op in job_operations[0]:
    mdl.add(mdl.start_of(op) >= 20)
    mdl.add(mdl.start_of(op) <= 100)
mdl.add(mdl.minimize(mdl.max([mdl.end_of(op) for op in all_operations])))

print(""Solving model...."")
msol = mdl.solve(TimeLimit=30)
if msol:
    print(""Solution found."")
    print(""Objective value (Makespan):"", msol.get_objective_value())
    print(""=== Machine Schedules ==="")
    for m in range(NB_MACHINES):
        print(f""\nMachine M{m}:"")
        machine_schedule = []
        for v in machine_operations[m]:
            itv = msol.get_var_solution(v)
            if itv.is_present():
                jn = job_number[v.get_name()]
                machine_schedule.append((itv.start, itv.end, f""J{jn}""))
        machine_schedule.sort(key=lambda x: x[0])
        for s, e, jn in machine_schedule:
            print(f""  {jn:<5} Start: {s:<5}  End: {e:<5}  Duration: {e-s}"")
else:
    print(""No solution found."")",1,Aircraft Skin Processing,"1. Decision Variables
x[j][o] []: Master interval variable for operation o of job j.
x[j][o][m] []: Optional interval for op o of job j on machine m with processing time d.

2. Parameters and Input Data
NB_JOBS: Number of jobs.
NB_MACHINES: Number of machines.
A[j][o]: Set of (machine,duration) choices for op o of job j.
tight/loose: Temporal constraint type between consecutive ops.

3. Constraints
[C1] Alternative Machine Assignment: alternative(x[j][o], [x[j][o][m] : m in A[j][o]])  forall j,o
  Note: Exactly one candidate machine selected per operation.
[C2] Operation Precedence: endBeforeStart(x[j][o], x[j][o+1])  forall j, o < last
  Note: Operations within a job execute in order.
[C3] Machine No-Overlap: noOverlap([x[j][o][m] : all j,o using machine m])  forall m
  Note: Each machine processes at most one operation at a time.
[C4] Tight Temporal Constraint: startOf(x[j][o+1]) - endOf(x[j][o]) <= 15  if CONSTRAINTS[j][o]='tight'
  Note: Inter-operation gap at most 15 time units for tight constraint.
[C5] Loose Temporal Constraint: startOf(x[j][o+1]) - endOf(x[j][o]) >= 30  if CONSTRAINTS[j][o]='loose'
  Note: Inter-operation gap at least 30 time units for loose constraint.
[C6] Temporal Window (Start Time): 20 \leq \text{startOf}(\text{job}_1) \leq 100
  docplex: model.add(model.startOf(job_1) >= 20)
model.add(model.startOf(job_1) <= 100)
  Note: Job 1 must start no earlier than time 20 and no later than time 100.
[C7] Temporal Window (Start Time): 20 \leq \text{startOf}(\text{job}_1) \leq 100
  docplex: model.add(model.startOf(job_1) >= 20)
model.add(model.startOf(job_1) <= 100)
  Note: Job 1 must start no earlier than time 20 and no later than time 100.

4. Objective Function
MINIMIZE minimize(max([endOf(x[j][o]) : all j,o]))
Note: Minimize makespan — maximum completion time across all operations.

5. Data Specification
NB_JOBS: Number of jobs. (input file fjsp_location_newdataset_1.fjs)
NB_MACHINES: Number of machines. (input file)
JOBS: Nested list: job→operation→[(machine,duration)]. (input file)
CONSTRAINTS: Per-operation temporal constraint type: tight/loose/none. (input file)",0.932,2026-06-25T14:55:56.429258,dynamic_constraint_adaptation,,,,,
task_20260625_145229_update_20260625_145553_update_20260625_150609_update2,"This problem arises from aircraft manufacturing where multiple skin components need to be processed through a series of operations. In the flexible job shop scheduling environment, each job (representing an aircraft skin component) must be processed according to a predefined sequence of operations. Each operation can be performed on multiple candidate machines with different processing times, providing flexibility in machine selection. However, each machine can process only one operation at a time, ensuring no resource conflicts. The system automatically handles temporal constraints between consecutive operations: tight constraints require intervals of 15 time units or less, while loose constraints require intervals of 30 time units or more. The objective is to minimize the makespan, which represents the maximum completion time across all jobs, thus optimizing the overall production efficiency. Write a Python program using the docplex.cp module (IBM CP Optimizer) to solve this flexible job shop scheduling problem. The input data should be read from a file named ""fjsp_location_newdataset_1.fjs"" located in the data subdirectory. The file format is as follows: the first line contains the number of jobs and machines; subsequent lines contain job information with the number of operations, and for each operation, the number of candidate machines followed by machine-duration pairs, and temporal constraint types ('tight', 'loose', or 'none').

Additional constraint: Job 1 must commence within a restricted time window, specifically between time 20 and time 100","from docplex.cp.model import CpoModel
import os

filename = os.path.dirname(os.path.abspath(__file__)) + ""/data/fjsp_location_newdataset_1.fjs""
with open(filename, ""r"") as file:
    NB_JOBS, NB_MACHINES = [int(v) for v in file.readline().split()]
    list_jobs = [[v if v in ['tight', 'loose', 'none'] else int(v) for v in file.readline().split()] for i in
                 range(NB_JOBS)]

JOBS = []
CONSTRAINTS = []  

for jline in list_jobs:
    nbstps = jline.pop(0)
    job = []
    constraints = []
    for stp in range(nbstps):
        nbc = jline.pop(0)
        choices = []
        for c in range(nbc):
            m = jline.pop(0)
            d = jline.pop(0)
            choices.append((m - 1, d))
        constraint = jline.pop(0) 
        job.append(choices)
        constraints.append(constraint)
    JOBS.append(job)
    CONSTRAINTS.append(constraints)

mdl = CpoModel()
job_number = {}
all_operations = []
machine_operations = [[] for m in range(NB_MACHINES)]
job_operations = []

for jx, job in enumerate(JOBS):
    op_vars = []
    for ox, op in enumerate(job):
        choice_vars = []
        for cx, (m, d) in enumerate(op):
            cv = mdl.interval_var(name=""J{}_O{}_C{}_M{}"".format(jx, ox, cx, m),
                                  optional=True, size=d)
            job_number[cv.get_name()] = jx
            choice_vars.append(cv)
            machine_operations[m].append(cv)
        jv = mdl.interval_var(name=""J{}_O{}"".format(jx, ox))
        mdl.add(mdl.alternative(jv, choice_vars))
        op_vars.append(jv)
        if ox > 0:
            mdl.add(mdl.end_before_start(op_vars[ox - 1], op_vars[ox]))
        if ox > 0 and CONSTRAINTS[jx][ox - 1] == 'tight':
            mdl.add(mdl.start_of(op_vars[ox]) - mdl.end_of(op_vars[ox - 1]) <= 15)
        if ox > 0 and CONSTRAINTS[jx][ox - 1] == 'loose':
            mdl.add(mdl.start_of(op_vars[ox]) - mdl.end_of(op_vars[ox - 1]) >= 30)

    all_operations.extend(op_vars)
    job_operations.append(op_vars)


for lops in machine_operations:
    mdl.add(mdl.no_overlap(lops))
for op in job_operations[0]:
    mdl.add(mdl.start_of(op) >= 20)
    mdl.add(mdl.start_of(op) <= 100)
for op in job_operations[0]:
    mdl.add(mdl.start_of(op) >= 20)
    mdl.add(mdl.start_of(op) <= 100)
mdl.add(mdl.minimize(mdl.max([mdl.end_of(op) for op in all_operations])))

print(""Solving model...."")
msol = mdl.solve(TimeLimit=30)
if msol:
    print(""Solution found."")
    print(""Objective value (Makespan):"", msol.get_objective_value())
    print(""=== Machine Schedules ==="")
    for m in range(NB_MACHINES):
        print(f""\nMachine M{m}:"")
        machine_schedule = []
        for v in machine_operations[m]:
            itv = msol.get_var_solution(v)
            if itv.is_present():
                jn = job_number[v.get_name()]
                machine_schedule.append((itv.start, itv.end, f""J{jn}""))
        machine_schedule.sort(key=lambda x: x[0])
        for s, e, jn in machine_schedule:
            print(f""  {jn:<5} Start: {s:<5}  End: {e:<5}  Duration: {e-s}"")
else:
    print(""No solution found."")",1,Aircraft Skin Processing,"1. Decision Variables
x[j][o] []: Master interval variable for operation o of job j.
x[j][o][m] []: Optional interval for op o of job j on machine m with processing time d.

2. Parameters and Input Data
NB_JOBS: Number of jobs.
NB_MACHINES: Number of machines.
A[j][o]: Set of (machine,duration) choices for op o of job j.
tight/loose: Temporal constraint type between consecutive ops.

3. Constraints
[C1] Alternative Machine Assignment: alternative(x[j][o], [x[j][o][m] : m in A[j][o]])  forall j,o
  Note: Exactly one candidate machine selected per operation.
[C2] Operation Precedence: endBeforeStart(x[j][o], x[j][o+1])  forall j, o < last
  Note: Operations within a job execute in order.
[C3] Machine No-Overlap: noOverlap([x[j][o][m] : all j,o using machine m])  forall m
  Note: Each machine processes at most one operation at a time.
[C4] Tight Temporal Constraint: startOf(x[j][o+1]) - endOf(x[j][o]) <= 15  if CONSTRAINTS[j][o]='tight'
  Note: Inter-operation gap at most 15 time units for tight constraint.
[C5] Loose Temporal Constraint: startOf(x[j][o+1]) - endOf(x[j][o]) >= 30  if CONSTRAINTS[j][o]='loose'
  Note: Inter-operation gap at least 30 time units for loose constraint.
[C6] Temporal Window (Start Time): 20 \leq \text{startOf}(\text{job}_1) \leq 100
  docplex: model.add(model.startOf(job_1) >= 20)
model.add(model.startOf(job_1) <= 100)
  Note: Job 1 must start no earlier than time 20 and no later than time 100.
[C7] Temporal Window (Start Time): 20 \leq \text{startOf}(\text{job}_1) \leq 100
  docplex: model.add(model.startOf(job_1) >= 20)
model.add(model.startOf(job_1) <= 100)
  Note: Job 1 must start no earlier than time 20 and no later than time 100.

4. Objective Function
MINIMIZE minimize(max([endOf(x[j][o]) : all j,o]))
Note: Minimize makespan — maximum completion time across all operations.

5. Data Specification
NB_JOBS: Number of jobs. (input file fjsp_location_newdataset_1.fjs)
NB_MACHINES: Number of machines. (input file)
JOBS: Nested list: job→operation→[(machine,duration)]. (input file)
CONSTRAINTS: Per-operation temporal constraint type: tight/loose/none. (input file)",0.932,2026-06-25T15:06:12.861600,dynamic_constraint_adaptation,,,,,
task_20260625_151115,"This problem arises from aircraft manufacturing where multiple skin components need to be processed through a series of operations. In the flexible job shop scheduling environment, each job (representing an aircraft skin component) must be processed according to a predefined sequence of operations. Each operation can be performed on multiple candidate machines with different processing times, providing flexibility in machine selection. However, each machine can process only one operation at a time, ensuring no resource conflicts. The system automatically handles temporal constraints between consecutive operations: tight constraints require intervals of 15 time units or less, while loose constraints require intervals of 30 time units or more. The objective is to minimize the makespan, which represents the maximum completion time across all jobs, thus optimizing the overall production efficiency. Write a Python program using the docplex.cp module (IBM CP Optimizer) to solve this flexible job shop scheduling problem. The input data should be read from a file named ""fjsp_location_newdataset_1.fjs"" located in the data subdirectory. The file format is as follows: the first line contains the number of jobs and machines; subsequent lines contain job information with the number of operations, and for each operation, the number of candidate machines followed by machine-duration pairs, and temporal constraint types ('tight', 'loose', or 'none').","from docplex.cp.model import CpoModel
import os

filename = os.path.dirname(os.path.abspath(__file__)) + ""/data/fjsp_location_newdataset_1.fjs""
with open(filename, ""r"") as file:
    NB_JOBS, NB_MACHINES = [int(v) for v in file.readline().split()]
    list_jobs = [[v if v in ['tight', 'loose', 'none'] else int(v) for v in file.readline().split()] for i in
                 range(NB_JOBS)]

JOBS = []
CONSTRAINTS = []  

for jline in list_jobs:
    nbstps = jline.pop(0)
    job = []
    constraints = []
    for stp in range(nbstps):
        nbc = jline.pop(0)
        choices = []
        for c in range(nbc):
            m = jline.pop(0)
            d = jline.pop(0)
            choices.append((m - 1, d))
        constraint = jline.pop(0) 
        job.append(choices)
        constraints.append(constraint)
    JOBS.append(job)
    CONSTRAINTS.append(constraints)

mdl = CpoModel()
job_number = {}
all_operations = []
machine_operations = [[] for m in range(NB_MACHINES)]
job_operations = []

for jx, job in enumerate(JOBS):
    op_vars = []
    for ox, op in enumerate(job):
        choice_vars = []
        for cx, (m, d) in enumerate(op):
            cv = mdl.interval_var(name=""J{}_O{}_C{}_M{}"".format(jx, ox, cx, m),
                                  optional=True, size=d)
            job_number[cv.get_name()] = jx
            choice_vars.append(cv)
            machine_operations[m].append(cv)
        jv = mdl.interval_var(name=""J{}_O{}"".format(jx, ox))
        mdl.add(mdl.alternative(jv, choice_vars))
        op_vars.append(jv)
        if ox > 0:
            mdl.add(mdl.end_before_start(op_vars[ox - 1], op_vars[ox]))
        if ox > 0 and CONSTRAINTS[jx][ox - 1] == 'tight':
            mdl.add(mdl.start_of(op_vars[ox]) - mdl.end_of(op_vars[ox - 1]) <= 15)
        if ox > 0 and CONSTRAINTS[jx][ox - 1] == 'loose':
            mdl.add(mdl.start_of(op_vars[ox]) - mdl.end_of(op_vars[ox - 1]) >= 30)

    all_operations.extend(op_vars)
    job_operations.append(op_vars)


for lops in machine_operations:
    mdl.add(mdl.no_overlap(lops))
mdl.add(mdl.minimize(mdl.max([mdl.end_of(op) for op in all_operations])))

print(""Solving model...."")
msol = mdl.solve(TimeLimit=30)
if msol:
    print(""Solution found."")
    print(""Objective value (Makespan):"", msol.get_objective_value())
    print(""=== Machine Schedules ==="")
    for m in range(NB_MACHINES):
        print(f""\nMachine M{m}:"")
        machine_schedule = []
        for v in machine_operations[m]:
            itv = msol.get_var_solution(v)
            if itv.is_present():
                jn = job_number[v.get_name()]
                machine_schedule.append((itv.start, itv.end, f""J{jn}""))
        machine_schedule.sort(key=lambda x: x[0])
        for s, e, jn in machine_schedule:
            print(f""  {jn:<5} Start: {s:<5}  End: {e:<5}  Duration: {e-s}"")
else:
    print(""No solution found."")","1,4",Aircraft Skin Processing,"1. Decision Variables
x[j][o] []: Master interval variable for operation o of job j.
x[j][o][m] []: Optional interval for op o of job j on machine m with processing time d.

2. Parameters and Input Data
NB_JOBS: Number of jobs.
NB_MACHINES: Number of machines.
A[j][o]: Set of (machine,duration) choices for op o of job j.
tight/loose: Temporal constraint type between consecutive ops.

3. Constraints
[C1] Alternative Machine Assignment: alternative(x[j][o], [x[j][o][m] : m in A[j][o]])  forall j,o
  Note: Exactly one candidate machine selected per operation.
[C2] Operation Precedence: endBeforeStart(x[j][o], x[j][o+1])  forall j, o < last
  Note: Operations within a job execute in order.
[C3] Machine No-Overlap: noOverlap([x[j][o][m] : all j,o using machine m])  forall m
  Note: Each machine processes at most one operation at a time.
[C4] Tight Temporal Constraint: startOf(x[j][o+1]) - endOf(x[j][o]) <= 15  if CONSTRAINTS[j][o]='tight'
  Note: Inter-operation gap at most 15 time units for tight constraint.
[C5] Loose Temporal Constraint: startOf(x[j][o+1]) - endOf(x[j][o]) >= 30  if CONSTRAINTS[j][o]='loose'
  Note: Inter-operation gap at least 30 time units for loose constraint.

4. Objective Function
MINIMIZE minimize(max([endOf(x[j][o]) : all j,o]))
Note: Minimize makespan — maximum completion time across all operations.

5. Data Specification
NB_JOBS: Number of jobs. (input file fjsp_location_newdataset_1.fjs)
NB_MACHINES: Number of machines. (input file)
JOBS: Nested list: job→operation→[(machine,duration)]. (input file)
CONSTRAINTS: Per-operation temporal constraint type: tight/loose/none. (input file)",0.932,2026-06-25T15:11:15.386822,pipeline,,,,,
task_20260625_151115_update_20260625_152604,"This problem arises from aircraft manufacturing where multiple skin components need to be processed through a series of operations. In the flexible job shop scheduling environment, each job (representing an aircraft skin component) must be processed according to a predefined sequence of operations. Each operation can be performed on multiple candidate machines with different processing times, providing flexibility in machine selection. However, each machine can process only one operation at a time, ensuring no resource conflicts. The system automatically handles temporal constraints between consecutive operations: tight constraints require intervals of 15 time units or less, while loose constraints require intervals of 30 time units or more. The objective is to minimize the makespan, which represents the maximum completion time across all jobs, thus optimizing the overall production efficiency. Write a Python program using the docplex.cp module (IBM CP Optimizer) to solve this flexible job shop scheduling problem. The input data should be read from a file named ""fjsp_location_newdataset_1.fjs"" located in the data subdirectory. The file format is as follows: the first line contains the number of jobs and machines; subsequent lines contain job information with the number of operations, and for each operation, the number of candidate machines followed by machine-duration pairs, and temporal constraint types ('tight', 'loose', or 'none').","from docplex.cp.model import CpoModel
import os

filename = os.path.dirname(os.path.abspath(__file__)) + ""/data/fjsp_location_newdataset_1.fjs""
with open(filename, ""r"") as file:
    NB_JOBS, NB_MACHINES = [int(v) for v in file.readline().split()]
    list_jobs = [[v if v in ['tight', 'loose', 'none'] else int(v) for v in file.readline().split()] for i in
                 range(NB_JOBS)]

JOBS = []
CONSTRAINTS = []  

for jline in list_jobs:
    nbstps = jline.pop(0)
    job = []
    constraints = []
    for stp in range(nbstps):
        nbc = jline.pop(0)
        choices = []
        for c in range(nbc):
            m = jline.pop(0)
            d = jline.pop(0)
            choices.append((m - 1, d))
        constraint = jline.pop(0) 
        job.append(choices)
        constraints.append(constraint)
    JOBS.append(job)
    CONSTRAINTS.append(constraints)

mdl = CpoModel()
job_number = {}
all_operations = []
machine_operations = [[] for m in range(NB_MACHINES)]
job_operations = []

for jx, job in enumerate(JOBS):
    op_vars = []
    for ox, op in enumerate(job):
        choice_vars = []
        for cx, (m, d) in enumerate(op):
            cv = mdl.interval_var(name=""J{}_O{}_C{}_M{}"".format(jx, ox, cx, m),
                                  optional=True, size=d)
            job_number[cv.get_name()] = jx
            choice_vars.append(cv)
            machine_operations[m].append(cv)
        jv = mdl.interval_var(name=""J{}_O{}"".format(jx, ox))
        mdl.add(mdl.alternative(jv, choice_vars))
        op_vars.append(jv)
        if ox > 0:
            mdl.add(mdl.end_before_start(op_vars[ox - 1], op_vars[ox]))
        if ox > 0 and CONSTRAINTS[jx][ox - 1] == 'tight':
            mdl.add(mdl.start_of(op_vars[ox]) - mdl.end_of(op_vars[ox - 1]) <= 15)
        if ox > 0 and CONSTRAINTS[jx][ox - 1] == 'loose':
            mdl.add(mdl.start_of(op_vars[ox]) - mdl.end_of(op_vars[ox - 1]) >= 30)

    all_operations.extend(op_vars)
    job_operations.append(op_vars)


for lops in machine_operations:
    mdl.add(mdl.no_overlap(lops))
mdl.add(mdl.start_of(job_operations[0][0]) >= 20)
mdl.add(mdl.start_of(job_operations[0][0]) <= 100)
mdl.add(mdl.minimize(mdl.max([mdl.end_of(op) for op in all_operations])))

print(""Solving model...."")
msol = mdl.solve(TimeLimit=30)
if msol:
    print(""Solution found."")
    print(""Objective value (Makespan):"", msol.get_objective_value())
    print(""=== Machine Schedules ==="")
    for m in range(NB_MACHINES):
        print(f""\nMachine M{m}:"")
        machine_schedule = []
        for v in machine_operations[m]:
            itv = msol.get_var_solution(v)
            if itv.is_present():
                jn = job_number[v.get_name()]
                machine_schedule.append((itv.start, itv.end, f""J{jn}""))
        machine_schedule.sort(key=lambda x: x[0])
        for s, e, jn in machine_schedule:
            print(f""  {jn:<5} Start: {s:<5}  End: {e:<5}  Duration: {e-s}"")
else:
    print(""No solution found."")",base,Aircraft Skin Processing,"1. Decision Variables
x[j][o] []: Master interval variable for operation o of job j.
x[j][o][m] []: Optional interval for op o of job j on machine m with processing time d.

2. Parameters and Input Data
NB_JOBS: Number of jobs.
NB_MACHINES: Number of machines.
A[j][o]: Set of (machine,duration) choices for op o of job j.
tight/loose: Temporal constraint type between consecutive ops.

3. Constraints
[C1] Alternative Machine Assignment: alternative(x[j][o], [x[j][o][m] : m in A[j][o]])  forall j,o
  Note: Exactly one candidate machine selected per operation.
[C2] Operation Precedence: endBeforeStart(x[j][o], x[j][o+1])  forall j, o < last
  Note: Operations within a job execute in order.
[C3] Machine No-Overlap: noOverlap([x[j][o][m] : all j,o using machine m])  forall m
  Note: Each machine processes at most one operation at a time.
[C4] Tight Temporal Constraint: startOf(x[j][o+1]) - endOf(x[j][o]) <= 15  if CONSTRAINTS[j][o]='tight'
  Note: Inter-operation gap at most 15 time units for tight constraint.
[C5] Loose Temporal Constraint: startOf(x[j][o+1]) - endOf(x[j][o]) >= 30  if CONSTRAINTS[j][o]='loose'
  Note: Inter-operation gap at least 30 time units for loose constraint.
[C6] time_window: 20 \leq \text{startOf}(\text{job}_1) \leq 100
  docplex: mdl.add(mdl.start_of(job_operations[0][0]) >= 20)
mdl.add(mdl.start_of(job_operations[0][0]) <= 100)
  Note: Job 1 must start within the time window [20, 100].

4. Objective Function
MINIMIZE minimize(max([endOf(x[j][o]) : all j,o]))
Note: Minimize makespan — maximum completion time across all operations.

5. Data Specification
NB_JOBS: Number of jobs. (input file fjsp_location_newdataset_1.fjs)
NB_MACHINES: Number of machines. (input file)
JOBS: Nested list: job→operation→[(machine,duration)]. (input file)
CONSTRAINTS: Per-operation temporal constraint type: tight/loose/none. (input file)",0.932,2026-06-25T15:26:07.945429,dynamic_constraint_adaptation,,,,,
task_20260625_151115_update_20260625_152604_update1,"This problem arises from aircraft manufacturing where multiple skin components need to be processed through a series of operations. In the flexible job shop scheduling environment, each job (representing an aircraft skin component) must be processed according to a predefined sequence of operations. Each operation can be performed on multiple candidate machines with different processing times, providing flexibility in machine selection. However, each machine can process only one operation at a time, ensuring no resource conflicts. The system automatically handles temporal constraints between consecutive operations: tight constraints require intervals of 15 time units or less, while loose constraints require intervals of 30 time units or more. The objective is to minimize the makespan, which represents the maximum completion time across all jobs, thus optimizing the overall production efficiency. Write a Python program using the docplex.cp module (IBM CP Optimizer) to solve this flexible job shop scheduling problem. The input data should be read from a file named ""fjsp_location_newdataset_1.fjs"" located in the data subdirectory. The file format is as follows: the first line contains the number of jobs and machines; subsequent lines contain job information with the number of operations, and for each operation, the number of candidate machines followed by machine-duration pairs, and temporal constraint types ('tight', 'loose', or 'none').

Additional constraint: Job 1 must commence within a restricted time window, specifically between time 20 and time 100,","from docplex.cp.model import CpoModel
import os

filename = os.path.dirname(os.path.abspath(__file__)) + ""/data/fjsp_location_newdataset_1.fjs""
with open(filename, ""r"") as file:
    NB_JOBS, NB_MACHINES = [int(v) for v in file.readline().split()]
    list_jobs = [[v if v in ['tight', 'loose', 'none'] else int(v) for v in file.readline().split()] for i in
                 range(NB_JOBS)]

JOBS = []
CONSTRAINTS = []  

for jline in list_jobs:
    nbstps = jline.pop(0)
    job = []
    constraints = []
    for stp in range(nbstps):
        nbc = jline.pop(0)
        choices = []
        for c in range(nbc):
            m = jline.pop(0)
            d = jline.pop(0)
            choices.append((m - 1, d))
        constraint = jline.pop(0) 
        job.append(choices)
        constraints.append(constraint)
    JOBS.append(job)
    CONSTRAINTS.append(constraints)

mdl = CpoModel()
job_number = {}
all_operations = []
machine_operations = [[] for m in range(NB_MACHINES)]
job_operations = []

for jx, job in enumerate(JOBS):
    op_vars = []
    for ox, op in enumerate(job):
        choice_vars = []
        for cx, (m, d) in enumerate(op):
            cv = mdl.interval_var(name=""J{}_O{}_C{}_M{}"".format(jx, ox, cx, m),
                                  optional=True, size=d)
            job_number[cv.get_name()] = jx
            choice_vars.append(cv)
            machine_operations[m].append(cv)
        jv = mdl.interval_var(name=""J{}_O{}"".format(jx, ox))
        mdl.add(mdl.alternative(jv, choice_vars))
        op_vars.append(jv)
        if ox > 0:
            mdl.add(mdl.end_before_start(op_vars[ox - 1], op_vars[ox]))
        if ox > 0 and CONSTRAINTS[jx][ox - 1] == 'tight':
            mdl.add(mdl.start_of(op_vars[ox]) - mdl.end_of(op_vars[ox - 1]) <= 15)
        if ox > 0 and CONSTRAINTS[jx][ox - 1] == 'loose':
            mdl.add(mdl.start_of(op_vars[ox]) - mdl.end_of(op_vars[ox - 1]) >= 30)

    all_operations.extend(op_vars)
    job_operations.append(op_vars)


for lops in machine_operations:
    mdl.add(mdl.no_overlap(lops))
mdl.add(mdl.start_of(job_operations[0][0]) >= 20)
mdl.add(mdl.start_of(job_operations[0][0]) <= 100)
mdl.add(mdl.minimize(mdl.max([mdl.end_of(op) for op in all_operations])))

print(""Solving model...."")
msol = mdl.solve(TimeLimit=30)
if msol:
    print(""Solution found."")
    print(""Objective value (Makespan):"", msol.get_objective_value())
    print(""=== Machine Schedules ==="")
    for m in range(NB_MACHINES):
        print(f""\nMachine M{m}:"")
        machine_schedule = []
        for v in machine_operations[m]:
            itv = msol.get_var_solution(v)
            if itv.is_present():
                jn = job_number[v.get_name()]
                machine_schedule.append((itv.start, itv.end, f""J{jn}""))
        machine_schedule.sort(key=lambda x: x[0])
        for s, e, jn in machine_schedule:
            print(f""  {jn:<5} Start: {s:<5}  End: {e:<5}  Duration: {e-s}"")
else:
    print(""No solution found."")",1,Aircraft Skin Processing,"1. Decision Variables
x[j][o] []: Master interval variable for operation o of job j.
x[j][o][m] []: Optional interval for op o of job j on machine m with processing time d.

2. Parameters and Input Data
NB_JOBS: Number of jobs.
NB_MACHINES: Number of machines.
A[j][o]: Set of (machine,duration) choices for op o of job j.
tight/loose: Temporal constraint type between consecutive ops.

3. Constraints
[C1] Alternative Machine Assignment: alternative(x[j][o], [x[j][o][m] : m in A[j][o]])  forall j,o
  Note: Exactly one candidate machine selected per operation.
[C2] Operation Precedence: endBeforeStart(x[j][o], x[j][o+1])  forall j, o < last
  Note: Operations within a job execute in order.
[C3] Machine No-Overlap: noOverlap([x[j][o][m] : all j,o using machine m])  forall m
  Note: Each machine processes at most one operation at a time.
[C4] Tight Temporal Constraint: startOf(x[j][o+1]) - endOf(x[j][o]) <= 15  if CONSTRAINTS[j][o]='tight'
  Note: Inter-operation gap at most 15 time units for tight constraint.
[C5] Loose Temporal Constraint: startOf(x[j][o+1]) - endOf(x[j][o]) >= 30  if CONSTRAINTS[j][o]='loose'
  Note: Inter-operation gap at least 30 time units for loose constraint.
[C6] time_window: 20 \leq \text{startOf}(\text{job}_1) \leq 100
  docplex: mdl.add(mdl.start_of(job_operations[0][0]) >= 20)
mdl.add(mdl.start_of(job_operations[0][0]) <= 100)
  Note: Job 1 must start within the time window [20, 100].

4. Objective Function
MINIMIZE minimize(max([endOf(x[j][o]) : all j,o]))
Note: Minimize makespan — maximum completion time across all operations.

5. Data Specification
NB_JOBS: Number of jobs. (input file fjsp_location_newdataset_1.fjs)
NB_MACHINES: Number of machines. (input file)
JOBS: Nested list: job→operation→[(machine,duration)]. (input file)
CONSTRAINTS: Per-operation temporal constraint type: tight/loose/none. (input file)",0.932,2026-06-25T15:26:07.945429,dynamic_constraint_adaptation,,,,,
task_20260625_151115_update_20260625_152604_update_20260625_152624,"This problem arises from aircraft manufacturing where multiple skin components need to be processed through a series of operations. In the flexible job shop scheduling environment, each job (representing an aircraft skin component) must be processed according to a predefined sequence of operations. Each operation can be performed on multiple candidate machines with different processing times, providing flexibility in machine selection. However, each machine can process only one operation at a time, ensuring no resource conflicts. The system automatically handles temporal constraints between consecutive operations: tight constraints require intervals of 15 time units or less, while loose constraints require intervals of 30 time units or more. The objective is to minimize the makespan, which represents the maximum completion time across all jobs, thus optimizing the overall production efficiency. Write a Python program using the docplex.cp module (IBM CP Optimizer) to solve this flexible job shop scheduling problem. The input data should be read from a file named ""fjsp_location_newdataset_1.fjs"" located in the data subdirectory. The file format is as follows: the first line contains the number of jobs and machines; subsequent lines contain job information with the number of operations, and for each operation, the number of candidate machines followed by machine-duration pairs, and temporal constraint types ('tight', 'loose', or 'none').","from docplex.cp.model import CpoModel
import os

filename = os.path.dirname(os.path.abspath(__file__)) + ""/data/fjsp_location_newdataset_1.fjs""
with open(filename, ""r"") as file:
    NB_JOBS, NB_MACHINES = [int(v) for v in file.readline().split()]
    list_jobs = [[v if v in ['tight', 'loose', 'none'] else int(v) for v in file.readline().split()] for i in
                 range(NB_JOBS)]

JOBS = []
CONSTRAINTS = []  

for jline in list_jobs:
    nbstps = jline.pop(0)
    job = []
    constraints = []
    for stp in range(nbstps):
        nbc = jline.pop(0)
        choices = []
        for c in range(nbc):
            m = jline.pop(0)
            d = jline.pop(0)
            choices.append((m - 1, d))
        constraint = jline.pop(0) 
        job.append(choices)
        constraints.append(constraint)
    JOBS.append(job)
    CONSTRAINTS.append(constraints)

mdl = CpoModel()
job_number = {}
all_operations = []
machine_operations = [[] for m in range(NB_MACHINES)]
job_operations = []

for jx, job in enumerate(JOBS):
    op_vars = []
    for ox, op in enumerate(job):
        choice_vars = []
        for cx, (m, d) in enumerate(op):
            cv = mdl.interval_var(name=""J{}_O{}_C{}_M{}"".format(jx, ox, cx, m),
                                  optional=True, size=d)
            job_number[cv.get_name()] = jx
            choice_vars.append(cv)
            machine_operations[m].append(cv)
        jv = mdl.interval_var(name=""J{}_O{}"".format(jx, ox))
        mdl.add(mdl.alternative(jv, choice_vars))
        op_vars.append(jv)
        if ox > 0:
            mdl.add(mdl.end_before_start(op_vars[ox - 1], op_vars[ox]))
        if ox > 0 and CONSTRAINTS[jx][ox - 1] == 'tight':
            mdl.add(mdl.start_of(op_vars[ox]) - mdl.end_of(op_vars[ox - 1]) <= 15)
        if ox > 0 and CONSTRAINTS[jx][ox - 1] == 'loose':
            mdl.add(mdl.start_of(op_vars[ox]) - mdl.end_of(op_vars[ox - 1]) >= 30)

    all_operations.extend(op_vars)
    job_operations.append(op_vars)


for lops in machine_operations:
    mdl.add(mdl.no_overlap(lops))
mdl.add(mdl.start_of(job_operations[0][0]) >= 20)
mdl.add(mdl.start_of(job_operations[0][0]) <= 100)
mdl.add(mdl.end_before_start(job_operations[1][-1], job_operations[2][0]))
mdl.add(mdl.minimize(mdl.max([mdl.end_of(op) for op in all_operations])))

print(""Solving model...."")
msol = mdl.solve(TimeLimit=30)
if msol:
    print(""Solution found."")
    print(""Objective value (Makespan):"", msol.get_objective_value())
    print(""=== Machine Schedules ==="")
    for m in range(NB_MACHINES):
        print(f""\nMachine M{m}:"")
        machine_schedule = []
        for v in machine_operations[m]:
            itv = msol.get_var_solution(v)
            if itv.is_present():
                jn = job_number[v.get_name()]
                machine_schedule.append((itv.start, itv.end, f""J{jn}""))
        machine_schedule.sort(key=lambda x: x[0])
        for s, e, jn in machine_schedule:
            print(f""  {jn:<5} Start: {s:<5}  End: {e:<5}  Duration: {e-s}"")
else:
    print(""No solution found."")",base,Aircraft Skin Processing,"1. Decision Variables
x[j][o] []: Master interval variable for operation o of job j.
x[j][o][m] []: Optional interval for op o of job j on machine m with processing time d.

2. Parameters and Input Data
NB_JOBS: Number of jobs.
NB_MACHINES: Number of machines.
A[j][o]: Set of (machine,duration) choices for op o of job j.
tight/loose: Temporal constraint type between consecutive ops.

3. Constraints
[C1] Alternative Machine Assignment: alternative(x[j][o], [x[j][o][m] : m in A[j][o]])  forall j,o
  Note: Exactly one candidate machine selected per operation.
[C2] Operation Precedence: endBeforeStart(x[j][o], x[j][o+1])  forall j, o < last
  Note: Operations within a job execute in order.
[C3] Machine No-Overlap: noOverlap([x[j][o][m] : all j,o using machine m])  forall m
  Note: Each machine processes at most one operation at a time.
[C4] Tight Temporal Constraint: startOf(x[j][o+1]) - endOf(x[j][o]) <= 15  if CONSTRAINTS[j][o]='tight'
  Note: Inter-operation gap at most 15 time units for tight constraint.
[C5] Loose Temporal Constraint: startOf(x[j][o+1]) - endOf(x[j][o]) >= 30  if CONSTRAINTS[j][o]='loose'
  Note: Inter-operation gap at least 30 time units for loose constraint.
[C6] time_window: 20 \leq \text{startOf}(\text{job}_1) \leq 100
  docplex: mdl.add(mdl.start_of(job_operations[0][0]) >= 20)
mdl.add(mdl.start_of(job_operations[0][0]) <= 100)
  Note: Job 1 must start within the time window [20, 100].
[C7] precedence: ∀ i ∈ Ops(Job3), ∀ j ∈ Ops(Job2): startOf(i) ≥ endOf(j)
  docplex: mdl.add(mdl.end_before_start(job_operations[1][-1], job_operations[2][0]))
  Note: All operations of Job 3 must start only after all operations of Job 2 have finished.

4. Objective Function
MINIMIZE minimize(max([endOf(x[j][o]) : all j,o]))
Note: Minimize makespan — maximum completion time across all operations.

5. Data Specification
NB_JOBS: Number of jobs. (input file fjsp_location_newdataset_1.fjs)
NB_MACHINES: Number of machines. (input file)
JOBS: Nested list: job→operation→[(machine,duration)]. (input file)
CONSTRAINTS: Per-operation temporal constraint type: tight/loose/none. (input file)",0.932,2026-06-25T15:26:27.737057,dynamic_constraint_adaptation,,,,,
task_20260625_151115_update_20260625_152604_update_20260625_152624_update1,"This problem arises from aircraft manufacturing where multiple skin components need to be processed through a series of operations. In the flexible job shop scheduling environment, each job (representing an aircraft skin component) must be processed according to a predefined sequence of operations. Each operation can be performed on multiple candidate machines with different processing times, providing flexibility in machine selection. However, each machine can process only one operation at a time, ensuring no resource conflicts. The system automatically handles temporal constraints between consecutive operations: tight constraints require intervals of 15 time units or less, while loose constraints require intervals of 30 time units or more. The objective is to minimize the makespan, which represents the maximum completion time across all jobs, thus optimizing the overall production efficiency. Write a Python program using the docplex.cp module (IBM CP Optimizer) to solve this flexible job shop scheduling problem. The input data should be read from a file named ""fjsp_location_newdataset_1.fjs"" located in the data subdirectory. The file format is as follows: the first line contains the number of jobs and machines; subsequent lines contain job information with the number of operations, and for each operation, the number of candidate machines followed by machine-duration pairs, and temporal constraint types ('tight', 'loose', or 'none').

Additional constraint: Job 1 must commence within a restricted time window, specifically between time 20 and time 100,","from docplex.cp.model import CpoModel
import os

filename = os.path.dirname(os.path.abspath(__file__)) + ""/data/fjsp_location_newdataset_1.fjs""
with open(filename, ""r"") as file:
    NB_JOBS, NB_MACHINES = [int(v) for v in file.readline().split()]
    list_jobs = [[v if v in ['tight', 'loose', 'none'] else int(v) for v in file.readline().split()] for i in
                 range(NB_JOBS)]

JOBS = []
CONSTRAINTS = []  

for jline in list_jobs:
    nbstps = jline.pop(0)
    job = []
    constraints = []
    for stp in range(nbstps):
        nbc = jline.pop(0)
        choices = []
        for c in range(nbc):
            m = jline.pop(0)
            d = jline.pop(0)
            choices.append((m - 1, d))
        constraint = jline.pop(0) 
        job.append(choices)
        constraints.append(constraint)
    JOBS.append(job)
    CONSTRAINTS.append(constraints)

mdl = CpoModel()
job_number = {}
all_operations = []
machine_operations = [[] for m in range(NB_MACHINES)]
job_operations = []

for jx, job in enumerate(JOBS):
    op_vars = []
    for ox, op in enumerate(job):
        choice_vars = []
        for cx, (m, d) in enumerate(op):
            cv = mdl.interval_var(name=""J{}_O{}_C{}_M{}"".format(jx, ox, cx, m),
                                  optional=True, size=d)
            job_number[cv.get_name()] = jx
            choice_vars.append(cv)
            machine_operations[m].append(cv)
        jv = mdl.interval_var(name=""J{}_O{}"".format(jx, ox))
        mdl.add(mdl.alternative(jv, choice_vars))
        op_vars.append(jv)
        if ox > 0:
            mdl.add(mdl.end_before_start(op_vars[ox - 1], op_vars[ox]))
        if ox > 0 and CONSTRAINTS[jx][ox - 1] == 'tight':
            mdl.add(mdl.start_of(op_vars[ox]) - mdl.end_of(op_vars[ox - 1]) <= 15)
        if ox > 0 and CONSTRAINTS[jx][ox - 1] == 'loose':
            mdl.add(mdl.start_of(op_vars[ox]) - mdl.end_of(op_vars[ox - 1]) >= 30)

    all_operations.extend(op_vars)
    job_operations.append(op_vars)


for lops in machine_operations:
    mdl.add(mdl.no_overlap(lops))
mdl.add(mdl.start_of(job_operations[0][0]) >= 20)
mdl.add(mdl.start_of(job_operations[0][0]) <= 100)
mdl.add(mdl.minimize(mdl.max([mdl.end_of(op) for op in all_operations])))

print(""Solving model...."")
msol = mdl.solve(TimeLimit=30)
if msol:
    print(""Solution found."")
    print(""Objective value (Makespan):"", msol.get_objective_value())
    print(""=== Machine Schedules ==="")
    for m in range(NB_MACHINES):
        print(f""\nMachine M{m}:"")
        machine_schedule = []
        for v in machine_operations[m]:
            itv = msol.get_var_solution(v)
            if itv.is_present():
                jn = job_number[v.get_name()]
                machine_schedule.append((itv.start, itv.end, f""J{jn}""))
        machine_schedule.sort(key=lambda x: x[0])
        for s, e, jn in machine_schedule:
            print(f""  {jn:<5} Start: {s:<5}  End: {e:<5}  Duration: {e-s}"")
else:
    print(""No solution found."")",1,Aircraft Skin Processing,"1. Decision Variables
x[j][o] []: Master interval variable for operation o of job j.
x[j][o][m] []: Optional interval for op o of job j on machine m with processing time d.

2. Parameters and Input Data
NB_JOBS: Number of jobs.
NB_MACHINES: Number of machines.
A[j][o]: Set of (machine,duration) choices for op o of job j.
tight/loose: Temporal constraint type between consecutive ops.

3. Constraints
[C1] Alternative Machine Assignment: alternative(x[j][o], [x[j][o][m] : m in A[j][o]])  forall j,o
  Note: Exactly one candidate machine selected per operation.
[C2] Operation Precedence: endBeforeStart(x[j][o], x[j][o+1])  forall j, o < last
  Note: Operations within a job execute in order.
[C3] Machine No-Overlap: noOverlap([x[j][o][m] : all j,o using machine m])  forall m
  Note: Each machine processes at most one operation at a time.
[C4] Tight Temporal Constraint: startOf(x[j][o+1]) - endOf(x[j][o]) <= 15  if CONSTRAINTS[j][o]='tight'
  Note: Inter-operation gap at most 15 time units for tight constraint.
[C5] Loose Temporal Constraint: startOf(x[j][o+1]) - endOf(x[j][o]) >= 30  if CONSTRAINTS[j][o]='loose'
  Note: Inter-operation gap at least 30 time units for loose constraint.
[C6] time_window: 20 \leq \text{startOf}(\text{job}_1) \leq 100
  docplex: mdl.add(mdl.start_of(job_operations[0][0]) >= 20)
mdl.add(mdl.start_of(job_operations[0][0]) <= 100)
  Note: Job 1 must start within the time window [20, 100].
[C7] precedence: ∀ i ∈ Ops(Job3), ∀ j ∈ Ops(Job2): startOf(i) ≥ endOf(j)
  docplex: mdl.add(mdl.end_before_start(job_operations[1][-1], job_operations[2][0]))
  Note: All operations of Job 3 must start only after all operations of Job 2 have finished.

4. Objective Function
MINIMIZE minimize(max([endOf(x[j][o]) : all j,o]))
Note: Minimize makespan — maximum completion time across all operations.

5. Data Specification
NB_JOBS: Number of jobs. (input file fjsp_location_newdataset_1.fjs)
NB_MACHINES: Number of machines. (input file)
JOBS: Nested list: job→operation→[(machine,duration)]. (input file)
CONSTRAINTS: Per-operation temporal constraint type: tight/loose/none. (input file)",0.932,2026-06-25T15:26:07.945429,dynamic_constraint_adaptation,,,,,
task_20260625_151115_update_20260625_152604_update_20260625_152624_update2,"This problem arises from aircraft manufacturing where multiple skin components need to be processed through a series of operations. In the flexible job shop scheduling environment, each job (representing an aircraft skin component) must be processed according to a predefined sequence of operations. Each operation can be performed on multiple candidate machines with different processing times, providing flexibility in machine selection. However, each machine can process only one operation at a time, ensuring no resource conflicts. The system automatically handles temporal constraints between consecutive operations: tight constraints require intervals of 15 time units or less, while loose constraints require intervals of 30 time units or more. The objective is to minimize the makespan, which represents the maximum completion time across all jobs, thus optimizing the overall production efficiency. Write a Python program using the docplex.cp module (IBM CP Optimizer) to solve this flexible job shop scheduling problem. The input data should be read from a file named ""fjsp_location_newdataset_1.fjs"" located in the data subdirectory. The file format is as follows: the first line contains the number of jobs and machines; subsequent lines contain job information with the number of operations, and for each operation, the number of candidate machines followed by machine-duration pairs, and temporal constraint types ('tight', 'loose', or 'none').

Additional constraint: all operations of Job 3 can only commence after all operations of Job 2 have been completed","from docplex.cp.model import CpoModel
import os

filename = os.path.dirname(os.path.abspath(__file__)) + ""/data/fjsp_location_newdataset_1.fjs""
with open(filename, ""r"") as file:
    NB_JOBS, NB_MACHINES = [int(v) for v in file.readline().split()]
    list_jobs = [[v if v in ['tight', 'loose', 'none'] else int(v) for v in file.readline().split()] for i in
                 range(NB_JOBS)]

JOBS = []
CONSTRAINTS = []  

for jline in list_jobs:
    nbstps = jline.pop(0)
    job = []
    constraints = []
    for stp in range(nbstps):
        nbc = jline.pop(0)
        choices = []
        for c in range(nbc):
            m = jline.pop(0)
            d = jline.pop(0)
            choices.append((m - 1, d))
        constraint = jline.pop(0) 
        job.append(choices)
        constraints.append(constraint)
    JOBS.append(job)
    CONSTRAINTS.append(constraints)

mdl = CpoModel()
job_number = {}
all_operations = []
machine_operations = [[] for m in range(NB_MACHINES)]
job_operations = []

for jx, job in enumerate(JOBS):
    op_vars = []
    for ox, op in enumerate(job):
        choice_vars = []
        for cx, (m, d) in enumerate(op):
            cv = mdl.interval_var(name=""J{}_O{}_C{}_M{}"".format(jx, ox, cx, m),
                                  optional=True, size=d)
            job_number[cv.get_name()] = jx
            choice_vars.append(cv)
            machine_operations[m].append(cv)
        jv = mdl.interval_var(name=""J{}_O{}"".format(jx, ox))
        mdl.add(mdl.alternative(jv, choice_vars))
        op_vars.append(jv)
        if ox > 0:
            mdl.add(mdl.end_before_start(op_vars[ox - 1], op_vars[ox]))
        if ox > 0 and CONSTRAINTS[jx][ox - 1] == 'tight':
            mdl.add(mdl.start_of(op_vars[ox]) - mdl.end_of(op_vars[ox - 1]) <= 15)
        if ox > 0 and CONSTRAINTS[jx][ox - 1] == 'loose':
            mdl.add(mdl.start_of(op_vars[ox]) - mdl.end_of(op_vars[ox - 1]) >= 30)

    all_operations.extend(op_vars)
    job_operations.append(op_vars)


for lops in machine_operations:
    mdl.add(mdl.no_overlap(lops))
mdl.add(mdl.start_of(job_operations[0][0]) >= 20)
mdl.add(mdl.start_of(job_operations[0][0]) <= 100)
mdl.add(mdl.end_before_start(job_operations[1][-1], job_operations[2][0]))
mdl.add(mdl.minimize(mdl.max([mdl.end_of(op) for op in all_operations])))

print(""Solving model...."")
msol = mdl.solve(TimeLimit=30)
if msol:
    print(""Solution found."")
    print(""Objective value (Makespan):"", msol.get_objective_value())
    print(""=== Machine Schedules ==="")
    for m in range(NB_MACHINES):
        print(f""\nMachine M{m}:"")
        machine_schedule = []
        for v in machine_operations[m]:
            itv = msol.get_var_solution(v)
            if itv.is_present():
                jn = job_number[v.get_name()]
                machine_schedule.append((itv.start, itv.end, f""J{jn}""))
        machine_schedule.sort(key=lambda x: x[0])
        for s, e, jn in machine_schedule:
            print(f""  {jn:<5} Start: {s:<5}  End: {e:<5}  Duration: {e-s}"")
else:
    print(""No solution found."")",new,Aircraft Skin Processing,"1. Decision Variables
x[j][o] []: Master interval variable for operation o of job j.
x[j][o][m] []: Optional interval for op o of job j on machine m with processing time d.

2. Parameters and Input Data
NB_JOBS: Number of jobs.
NB_MACHINES: Number of machines.
A[j][o]: Set of (machine,duration) choices for op o of job j.
tight/loose: Temporal constraint type between consecutive ops.

3. Constraints
[C1] Alternative Machine Assignment: alternative(x[j][o], [x[j][o][m] : m in A[j][o]])  forall j,o
  Note: Exactly one candidate machine selected per operation.
[C2] Operation Precedence: endBeforeStart(x[j][o], x[j][o+1])  forall j, o < last
  Note: Operations within a job execute in order.
[C3] Machine No-Overlap: noOverlap([x[j][o][m] : all j,o using machine m])  forall m
  Note: Each machine processes at most one operation at a time.
[C4] Tight Temporal Constraint: startOf(x[j][o+1]) - endOf(x[j][o]) <= 15  if CONSTRAINTS[j][o]='tight'
  Note: Inter-operation gap at most 15 time units for tight constraint.
[C5] Loose Temporal Constraint: startOf(x[j][o+1]) - endOf(x[j][o]) >= 30  if CONSTRAINTS[j][o]='loose'
  Note: Inter-operation gap at least 30 time units for loose constraint.
[C6] time_window: 20 \leq \text{startOf}(\text{job}_1) \leq 100
  docplex: mdl.add(mdl.start_of(job_operations[0][0]) >= 20)
mdl.add(mdl.start_of(job_operations[0][0]) <= 100)
  Note: Job 1 must start within the time window [20, 100].
[C7] precedence: ∀ i ∈ Ops(Job3), ∀ j ∈ Ops(Job2): startOf(i) ≥ endOf(j)
  docplex: mdl.add(mdl.end_before_start(job_operations[1][-1], job_operations[2][0]))
  Note: All operations of Job 3 must start only after all operations of Job 2 have finished.

4. Objective Function
MINIMIZE minimize(max([endOf(x[j][o]) : all j,o]))
Note: Minimize makespan — maximum completion time across all operations.

5. Data Specification
NB_JOBS: Number of jobs. (input file fjsp_location_newdataset_1.fjs)
NB_MACHINES: Number of machines. (input file)
JOBS: Nested list: job→operation→[(machine,duration)]. (input file)
CONSTRAINTS: Per-operation temporal constraint type: tight/loose/none. (input file)",0.932,2026-06-25T15:26:27.737057,dynamic_constraint_adaptation,,,,,
task_20260625_151115_update_20260625_152604_update_20260625_152624_update_20260625_152651,"This problem arises from aircraft manufacturing where multiple skin components need to be processed through a series of operations. In the flexible job shop scheduling environment, each job (representing an aircraft skin component) must be processed according to a predefined sequence of operations. Each operation can be performed on multiple candidate machines with different processing times, providing flexibility in machine selection. However, each machine can process only one operation at a time, ensuring no resource conflicts. The system automatically handles temporal constraints between consecutive operations: tight constraints require intervals of 15 time units or less, while loose constraints require intervals of 30 time units or more. The objective is to minimize the makespan, which represents the maximum completion time across all jobs, thus optimizing the overall production efficiency. Write a Python program using the docplex.cp module (IBM CP Optimizer) to solve this flexible job shop scheduling problem. The input data should be read from a file named ""fjsp_location_newdataset_1.fjs"" located in the data subdirectory. The file format is as follows: the first line contains the number of jobs and machines; subsequent lines contain job information with the number of operations, and for each operation, the number of candidate machines followed by machine-duration pairs, and temporal constraint types ('tight', 'loose', or 'none').","from docplex.cp.model import CpoModel
import os

filename = os.path.dirname(os.path.abspath(__file__)) + ""/data/fjsp_location_newdataset_1.fjs""
with open(filename, ""r"") as file:
    NB_JOBS, NB_MACHINES = [int(v) for v in file.readline().split()]
    list_jobs = [[v if v in ['tight', 'loose', 'none'] else int(v) for v in file.readline().split()] for i in
                 range(NB_JOBS)]

JOBS = []
CONSTRAINTS = []  

for jline in list_jobs:
    nbstps = jline.pop(0)
    job = []
    constraints = []
    for stp in range(nbstps):
        nbc = jline.pop(0)
        choices = []
        for c in range(nbc):
            m = jline.pop(0)
            d = jline.pop(0)
            choices.append((m - 1, d))
        constraint = jline.pop(0) 
        job.append(choices)
        constraints.append(constraint)
    JOBS.append(job)
    CONSTRAINTS.append(constraints)

mdl = CpoModel()
job_number = {}
all_operations = []
machine_operations = [[] for m in range(NB_MACHINES)]
job_operations = []

for jx, job in enumerate(JOBS):
    op_vars = []
    for ox, op in enumerate(job):
        choice_vars = []
        for cx, (m, d) in enumerate(op):
            cv = mdl.interval_var(name=""J{}_O{}_C{}_M{}"".format(jx, ox, cx, m),
                                  optional=True, size=d)
            job_number[cv.get_name()] = jx
            choice_vars.append(cv)
            machine_operations[m].append(cv)
        jv = mdl.interval_var(name=""J{}_O{}"".format(jx, ox))
        mdl.add(mdl.alternative(jv, choice_vars))
        op_vars.append(jv)
        if ox > 0:
            mdl.add(mdl.end_before_start(op_vars[ox - 1], op_vars[ox]))
        if ox > 0 and CONSTRAINTS[jx][ox - 1] == 'tight':
            mdl.add(mdl.start_of(op_vars[ox]) - mdl.end_of(op_vars[ox - 1]) <= 15)
        if ox > 0 and CONSTRAINTS[jx][ox - 1] == 'loose':
            mdl.add(mdl.start_of(op_vars[ox]) - mdl.end_of(op_vars[ox - 1]) >= 30)

    all_operations.extend(op_vars)
    job_operations.append(op_vars)


for lops in machine_operations:
    mdl.add(mdl.no_overlap(lops))
mdl.add(mdl.start_of(job_operations[0][0]) >= 20)
mdl.add(mdl.start_of(job_operations[0][0]) <= 100)
mdl.add(mdl.end_before_start(job_operations[1][-1], job_operations[2][0]))
for m in range(NB_MACHINES):
    for j in range(1, len(job_operations)):
        mdl.add(mdl.start_of(job_operations[j][0]) - mdl.end_of(job_operations[j-1][0]) >= 20)
mdl.add(mdl.minimize(mdl.max([mdl.end_of(op) for op in all_operations])))

print(""Solving model...."")
msol = mdl.solve(TimeLimit=30)
if msol:
    print(""Solution found."")
    print(""Objective value (Makespan):"", msol.get_objective_value())
    print(""=== Machine Schedules ==="")
    for m in range(NB_MACHINES):
        print(f""\nMachine M{m}:"")
        machine_schedule = []
        for v in machine_operations[m]:
            itv = msol.get_var_solution(v)
            if itv.is_present():
                jn = job_number[v.get_name()]
                machine_schedule.append((itv.start, itv.end, f""J{jn}""))
        machine_schedule.sort(key=lambda x: x[0])
        for s, e, jn in machine_schedule:
            print(f""  {jn:<5} Start: {s:<5}  End: {e:<5}  Duration: {e-s}"")
else:
    print(""No solution found."")",base,Aircraft Skin Processing,"1. Decision Variables
x[j][o] []: Master interval variable for operation o of job j.
x[j][o][m] []: Optional interval for op o of job j on machine m with processing time d.

2. Parameters and Input Data
NB_JOBS: Number of jobs.
NB_MACHINES: Number of machines.
A[j][o]: Set of (machine,duration) choices for op o of job j.
tight/loose: Temporal constraint type between consecutive ops.

3. Constraints
[C1] Alternative Machine Assignment: alternative(x[j][o], [x[j][o][m] : m in A[j][o]])  forall j,o
  Note: Exactly one candidate machine selected per operation.
[C2] Operation Precedence: endBeforeStart(x[j][o], x[j][o+1])  forall j, o < last
  Note: Operations within a job execute in order.
[C3] Machine No-Overlap: noOverlap([x[j][o][m] : all j,o using machine m])  forall m
  Note: Each machine processes at most one operation at a time.
[C4] Tight Temporal Constraint: startOf(x[j][o+1]) - endOf(x[j][o]) <= 15  if CONSTRAINTS[j][o]='tight'
  Note: Inter-operation gap at most 15 time units for tight constraint.
[C5] Loose Temporal Constraint: startOf(x[j][o+1]) - endOf(x[j][o]) >= 30  if CONSTRAINTS[j][o]='loose'
  Note: Inter-operation gap at least 30 time units for loose constraint.
[C6] time_window: 20 \leq \text{startOf}(\text{job}_1) \leq 100
  docplex: mdl.add(mdl.start_of(job_operations[0][0]) >= 20)
mdl.add(mdl.start_of(job_operations[0][0]) <= 100)
  Note: Job 1 must start within the time window [20, 100].
[C7] precedence: ∀ i ∈ Ops(Job3), ∀ j ∈ Ops(Job2): startOf(i) ≥ endOf(j)
  docplex: mdl.add(mdl.end_before_start(job_operations[1][-1], job_operations[2][0]))
  Note: All operations of Job 3 must start only after all operations of Job 2 have finished.
[C8] transition_time_constraint: ∀m ∈ Machines, ∀i,j ∈ Jobs, i ≠ j: if (machine(i) = m ∧ machine(j) = m ∧ type(i) ≠ type(j) ∧ j is scheduled immediately after i on m), then start(j) ≥ end(i) + 20
  docplex: for m in range(NB_MACHINES):
    for j in range(1, len(job_operations)):
        mdl.add(mdl.start_of(job_operations[j][0]) - mdl.end_of(job_operations[j-1][0]) >= 20)
  Note: A 20-minute setup time is required whenever the same machine transitions from processing one job to a different job — i.e., when two consecutive jobs on the same machine have different component types.

4. Objective Function
MINIMIZE minimize(max([endOf(x[j][o]) : all j,o]))
Note: Minimize makespan — maximum completion time across all operations.

5. Data Specification
NB_JOBS: Number of jobs. (input file fjsp_location_newdataset_1.fjs)
NB_MACHINES: Number of machines. (input file)
JOBS: Nested list: job→operation→[(machine,duration)]. (input file)
CONSTRAINTS: Per-operation temporal constraint type: tight/loose/none. (input file)",0.932,2026-06-25T15:26:57.131301,dynamic_constraint_adaptation,,,,,
task_20260625_151115_update_20260625_152604_update_20260625_152624_update_20260625_152651_update1,"This problem arises from aircraft manufacturing where multiple skin components need to be processed through a series of operations. In the flexible job shop scheduling environment, each job (representing an aircraft skin component) must be processed according to a predefined sequence of operations. Each operation can be performed on multiple candidate machines with different processing times, providing flexibility in machine selection. However, each machine can process only one operation at a time, ensuring no resource conflicts. The system automatically handles temporal constraints between consecutive operations: tight constraints require intervals of 15 time units or less, while loose constraints require intervals of 30 time units or more. The objective is to minimize the makespan, which represents the maximum completion time across all jobs, thus optimizing the overall production efficiency. Write a Python program using the docplex.cp module (IBM CP Optimizer) to solve this flexible job shop scheduling problem. The input data should be read from a file named ""fjsp_location_newdataset_1.fjs"" located in the data subdirectory. The file format is as follows: the first line contains the number of jobs and machines; subsequent lines contain job information with the number of operations, and for each operation, the number of candidate machines followed by machine-duration pairs, and temporal constraint types ('tight', 'loose', or 'none').

Additional constraint: Job 1 must commence within a restricted time window, specifically between time 20 and time 100,","from docplex.cp.model import CpoModel
import os

filename = os.path.dirname(os.path.abspath(__file__)) + ""/data/fjsp_location_newdataset_1.fjs""
with open(filename, ""r"") as file:
    NB_JOBS, NB_MACHINES = [int(v) for v in file.readline().split()]
    list_jobs = [[v if v in ['tight', 'loose', 'none'] else int(v) for v in file.readline().split()] for i in
                 range(NB_JOBS)]

JOBS = []
CONSTRAINTS = []  

for jline in list_jobs:
    nbstps = jline.pop(0)
    job = []
    constraints = []
    for stp in range(nbstps):
        nbc = jline.pop(0)
        choices = []
        for c in range(nbc):
            m = jline.pop(0)
            d = jline.pop(0)
            choices.append((m - 1, d))
        constraint = jline.pop(0) 
        job.append(choices)
        constraints.append(constraint)
    JOBS.append(job)
    CONSTRAINTS.append(constraints)

mdl = CpoModel()
job_number = {}
all_operations = []
machine_operations = [[] for m in range(NB_MACHINES)]
job_operations = []

for jx, job in enumerate(JOBS):
    op_vars = []
    for ox, op in enumerate(job):
        choice_vars = []
        for cx, (m, d) in enumerate(op):
            cv = mdl.interval_var(name=""J{}_O{}_C{}_M{}"".format(jx, ox, cx, m),
                                  optional=True, size=d)
            job_number[cv.get_name()] = jx
            choice_vars.append(cv)
            machine_operations[m].append(cv)
        jv = mdl.interval_var(name=""J{}_O{}"".format(jx, ox))
        mdl.add(mdl.alternative(jv, choice_vars))
        op_vars.append(jv)
        if ox > 0:
            mdl.add(mdl.end_before_start(op_vars[ox - 1], op_vars[ox]))
        if ox > 0 and CONSTRAINTS[jx][ox - 1] == 'tight':
            mdl.add(mdl.start_of(op_vars[ox]) - mdl.end_of(op_vars[ox - 1]) <= 15)
        if ox > 0 and CONSTRAINTS[jx][ox - 1] == 'loose':
            mdl.add(mdl.start_of(op_vars[ox]) - mdl.end_of(op_vars[ox - 1]) >= 30)

    all_operations.extend(op_vars)
    job_operations.append(op_vars)


for lops in machine_operations:
    mdl.add(mdl.no_overlap(lops))
mdl.add(mdl.start_of(job_operations[0][0]) >= 20)
mdl.add(mdl.start_of(job_operations[0][0]) <= 100)
mdl.add(mdl.minimize(mdl.max([mdl.end_of(op) for op in all_operations])))

print(""Solving model...."")
msol = mdl.solve(TimeLimit=30)
if msol:
    print(""Solution found."")
    print(""Objective value (Makespan):"", msol.get_objective_value())
    print(""=== Machine Schedules ==="")
    for m in range(NB_MACHINES):
        print(f""\nMachine M{m}:"")
        machine_schedule = []
        for v in machine_operations[m]:
            itv = msol.get_var_solution(v)
            if itv.is_present():
                jn = job_number[v.get_name()]
                machine_schedule.append((itv.start, itv.end, f""J{jn}""))
        machine_schedule.sort(key=lambda x: x[0])
        for s, e, jn in machine_schedule:
            print(f""  {jn:<5} Start: {s:<5}  End: {e:<5}  Duration: {e-s}"")
else:
    print(""No solution found."")",1,Aircraft Skin Processing,"1. Decision Variables
x[j][o] []: Master interval variable for operation o of job j.
x[j][o][m] []: Optional interval for op o of job j on machine m with processing time d.

2. Parameters and Input Data
NB_JOBS: Number of jobs.
NB_MACHINES: Number of machines.
A[j][o]: Set of (machine,duration) choices for op o of job j.
tight/loose: Temporal constraint type between consecutive ops.

3. Constraints
[C1] Alternative Machine Assignment: alternative(x[j][o], [x[j][o][m] : m in A[j][o]])  forall j,o
  Note: Exactly one candidate machine selected per operation.
[C2] Operation Precedence: endBeforeStart(x[j][o], x[j][o+1])  forall j, o < last
  Note: Operations within a job execute in order.
[C3] Machine No-Overlap: noOverlap([x[j][o][m] : all j,o using machine m])  forall m
  Note: Each machine processes at most one operation at a time.
[C4] Tight Temporal Constraint: startOf(x[j][o+1]) - endOf(x[j][o]) <= 15  if CONSTRAINTS[j][o]='tight'
  Note: Inter-operation gap at most 15 time units for tight constraint.
[C5] Loose Temporal Constraint: startOf(x[j][o+1]) - endOf(x[j][o]) >= 30  if CONSTRAINTS[j][o]='loose'
  Note: Inter-operation gap at least 30 time units for loose constraint.
[C6] time_window: 20 \leq \text{startOf}(\text{job}_1) \leq 100
  docplex: mdl.add(mdl.start_of(job_operations[0][0]) >= 20)
mdl.add(mdl.start_of(job_operations[0][0]) <= 100)
  Note: Job 1 must start within the time window [20, 100].
[C7] precedence: ∀ i ∈ Ops(Job3), ∀ j ∈ Ops(Job2): startOf(i) ≥ endOf(j)
  docplex: mdl.add(mdl.end_before_start(job_operations[1][-1], job_operations[2][0]))
  Note: All operations of Job 3 must start only after all operations of Job 2 have finished.
[C8] transition_time_constraint: ∀m ∈ Machines, ∀i,j ∈ Jobs, i ≠ j: if (machine(i) = m ∧ machine(j) = m ∧ type(i) ≠ type(j) ∧ j is scheduled immediately after i on m), then start(j) ≥ end(i) + 20
  docplex: for m in range(NB_MACHINES):
    for j in range(1, len(job_operations)):
        mdl.add(mdl.start_of(job_operations[j][0]) - mdl.end_of(job_operations[j-1][0]) >= 20)
  Note: A 20-minute setup time is required whenever the same machine transitions from processing one job to a different job — i.e., when two consecutive jobs on the same machine have different component types.

4. Objective Function
MINIMIZE minimize(max([endOf(x[j][o]) : all j,o]))
Note: Minimize makespan — maximum completion time across all operations.

5. Data Specification
NB_JOBS: Number of jobs. (input file fjsp_location_newdataset_1.fjs)
NB_MACHINES: Number of machines. (input file)
JOBS: Nested list: job→operation→[(machine,duration)]. (input file)
CONSTRAINTS: Per-operation temporal constraint type: tight/loose/none. (input file)",0.932,2026-06-25T15:26:07.945429,dynamic_constraint_adaptation,,,,,
task_20260625_151115_update_20260625_152604_update_20260625_152624_update_20260625_152651_update2,"This problem arises from aircraft manufacturing where multiple skin components need to be processed through a series of operations. In the flexible job shop scheduling environment, each job (representing an aircraft skin component) must be processed according to a predefined sequence of operations. Each operation can be performed on multiple candidate machines with different processing times, providing flexibility in machine selection. However, each machine can process only one operation at a time, ensuring no resource conflicts. The system automatically handles temporal constraints between consecutive operations: tight constraints require intervals of 15 time units or less, while loose constraints require intervals of 30 time units or more. The objective is to minimize the makespan, which represents the maximum completion time across all jobs, thus optimizing the overall production efficiency. Write a Python program using the docplex.cp module (IBM CP Optimizer) to solve this flexible job shop scheduling problem. The input data should be read from a file named ""fjsp_location_newdataset_1.fjs"" located in the data subdirectory. The file format is as follows: the first line contains the number of jobs and machines; subsequent lines contain job information with the number of operations, and for each operation, the number of candidate machines followed by machine-duration pairs, and temporal constraint types ('tight', 'loose', or 'none').

Additional constraint: all operations of Job 3 can only commence after all operations of Job 2 have been completed","from docplex.cp.model import CpoModel
import os

filename = os.path.dirname(os.path.abspath(__file__)) + ""/data/fjsp_location_newdataset_1.fjs""
with open(filename, ""r"") as file:
    NB_JOBS, NB_MACHINES = [int(v) for v in file.readline().split()]
    list_jobs = [[v if v in ['tight', 'loose', 'none'] else int(v) for v in file.readline().split()] for i in
                 range(NB_JOBS)]

JOBS = []
CONSTRAINTS = []  

for jline in list_jobs:
    nbstps = jline.pop(0)
    job = []
    constraints = []
    for stp in range(nbstps):
        nbc = jline.pop(0)
        choices = []
        for c in range(nbc):
            m = jline.pop(0)
            d = jline.pop(0)
            choices.append((m - 1, d))
        constraint = jline.pop(0) 
        job.append(choices)
        constraints.append(constraint)
    JOBS.append(job)
    CONSTRAINTS.append(constraints)

mdl = CpoModel()
job_number = {}
all_operations = []
machine_operations = [[] for m in range(NB_MACHINES)]
job_operations = []

for jx, job in enumerate(JOBS):
    op_vars = []
    for ox, op in enumerate(job):
        choice_vars = []
        for cx, (m, d) in enumerate(op):
            cv = mdl.interval_var(name=""J{}_O{}_C{}_M{}"".format(jx, ox, cx, m),
                                  optional=True, size=d)
            job_number[cv.get_name()] = jx
            choice_vars.append(cv)
            machine_operations[m].append(cv)
        jv = mdl.interval_var(name=""J{}_O{}"".format(jx, ox))
        mdl.add(mdl.alternative(jv, choice_vars))
        op_vars.append(jv)
        if ox > 0:
            mdl.add(mdl.end_before_start(op_vars[ox - 1], op_vars[ox]))
        if ox > 0 and CONSTRAINTS[jx][ox - 1] == 'tight':
            mdl.add(mdl.start_of(op_vars[ox]) - mdl.end_of(op_vars[ox - 1]) <= 15)
        if ox > 0 and CONSTRAINTS[jx][ox - 1] == 'loose':
            mdl.add(mdl.start_of(op_vars[ox]) - mdl.end_of(op_vars[ox - 1]) >= 30)

    all_operations.extend(op_vars)
    job_operations.append(op_vars)


for lops in machine_operations:
    mdl.add(mdl.no_overlap(lops))
mdl.add(mdl.start_of(job_operations[0][0]) >= 20)
mdl.add(mdl.start_of(job_operations[0][0]) <= 100)
mdl.add(mdl.end_before_start(job_operations[1][-1], job_operations[2][0]))
mdl.add(mdl.minimize(mdl.max([mdl.end_of(op) for op in all_operations])))

print(""Solving model...."")
msol = mdl.solve(TimeLimit=30)
if msol:
    print(""Solution found."")
    print(""Objective value (Makespan):"", msol.get_objective_value())
    print(""=== Machine Schedules ==="")
    for m in range(NB_MACHINES):
        print(f""\nMachine M{m}:"")
        machine_schedule = []
        for v in machine_operations[m]:
            itv = msol.get_var_solution(v)
            if itv.is_present():
                jn = job_number[v.get_name()]
                machine_schedule.append((itv.start, itv.end, f""J{jn}""))
        machine_schedule.sort(key=lambda x: x[0])
        for s, e, jn in machine_schedule:
            print(f""  {jn:<5} Start: {s:<5}  End: {e:<5}  Duration: {e-s}"")
else:
    print(""No solution found."")",new,Aircraft Skin Processing,"1. Decision Variables
x[j][o] []: Master interval variable for operation o of job j.
x[j][o][m] []: Optional interval for op o of job j on machine m with processing time d.

2. Parameters and Input Data
NB_JOBS: Number of jobs.
NB_MACHINES: Number of machines.
A[j][o]: Set of (machine,duration) choices for op o of job j.
tight/loose: Temporal constraint type between consecutive ops.

3. Constraints
[C1] Alternative Machine Assignment: alternative(x[j][o], [x[j][o][m] : m in A[j][o]])  forall j,o
  Note: Exactly one candidate machine selected per operation.
[C2] Operation Precedence: endBeforeStart(x[j][o], x[j][o+1])  forall j, o < last
  Note: Operations within a job execute in order.
[C3] Machine No-Overlap: noOverlap([x[j][o][m] : all j,o using machine m])  forall m
  Note: Each machine processes at most one operation at a time.
[C4] Tight Temporal Constraint: startOf(x[j][o+1]) - endOf(x[j][o]) <= 15  if CONSTRAINTS[j][o]='tight'
  Note: Inter-operation gap at most 15 time units for tight constraint.
[C5] Loose Temporal Constraint: startOf(x[j][o+1]) - endOf(x[j][o]) >= 30  if CONSTRAINTS[j][o]='loose'
  Note: Inter-operation gap at least 30 time units for loose constraint.
[C6] time_window: 20 \leq \text{startOf}(\text{job}_1) \leq 100
  docplex: mdl.add(mdl.start_of(job_operations[0][0]) >= 20)
mdl.add(mdl.start_of(job_operations[0][0]) <= 100)
  Note: Job 1 must start within the time window [20, 100].
[C7] precedence: ∀ i ∈ Ops(Job3), ∀ j ∈ Ops(Job2): startOf(i) ≥ endOf(j)
  docplex: mdl.add(mdl.end_before_start(job_operations[1][-1], job_operations[2][0]))
  Note: All operations of Job 3 must start only after all operations of Job 2 have finished.
[C8] transition_time_constraint: ∀m ∈ Machines, ∀i,j ∈ Jobs, i ≠ j: if (machine(i) = m ∧ machine(j) = m ∧ type(i) ≠ type(j) ∧ j is scheduled immediately after i on m), then start(j) ≥ end(i) + 20
  docplex: for m in range(NB_MACHINES):
    for j in range(1, len(job_operations)):
        mdl.add(mdl.start_of(job_operations[j][0]) - mdl.end_of(job_operations[j-1][0]) >= 20)
  Note: A 20-minute setup time is required whenever the same machine transitions from processing one job to a different job — i.e., when two consecutive jobs on the same machine have different component types.

4. Objective Function
MINIMIZE minimize(max([endOf(x[j][o]) : all j,o]))
Note: Minimize makespan — maximum completion time across all operations.

5. Data Specification
NB_JOBS: Number of jobs. (input file fjsp_location_newdataset_1.fjs)
NB_MACHINES: Number of machines. (input file)
JOBS: Nested list: job→operation→[(machine,duration)]. (input file)
CONSTRAINTS: Per-operation temporal constraint type: tight/loose/none. (input file)",0.932,2026-06-25T15:26:27.737057,dynamic_constraint_adaptation,,,,,
task_20260625_151115_update_20260625_152604_update_20260625_152624_update_20260625_152651_update3,"This problem arises from aircraft manufacturing where multiple skin components need to be processed through a series of operations. In the flexible job shop scheduling environment, each job (representing an aircraft skin component) must be processed according to a predefined sequence of operations. Each operation can be performed on multiple candidate machines with different processing times, providing flexibility in machine selection. However, each machine can process only one operation at a time, ensuring no resource conflicts. The system automatically handles temporal constraints between consecutive operations: tight constraints require intervals of 15 time units or less, while loose constraints require intervals of 30 time units or more. The objective is to minimize the makespan, which represents the maximum completion time across all jobs, thus optimizing the overall production efficiency. Write a Python program using the docplex.cp module (IBM CP Optimizer) to solve this flexible job shop scheduling problem. The input data should be read from a file named ""fjsp_location_newdataset_1.fjs"" located in the data subdirectory. The file format is as follows: the first line contains the number of jobs and machines; subsequent lines contain job information with the number of operations, and for each operation, the number of candidate machines followed by machine-duration pairs, and temporal constraint types ('tight', 'loose', or 'none').

Additional constraint: a 20-minute setup time is required whenever the same machine transitions from processing one job to processing a different job, reflecting the realistic overhead of reconfiguring equipment for different component types。","from docplex.cp.model import CpoModel
import os

filename = os.path.dirname(os.path.abspath(__file__)) + ""/data/fjsp_location_newdataset_1.fjs""
with open(filename, ""r"") as file:
    NB_JOBS, NB_MACHINES = [int(v) for v in file.readline().split()]
    list_jobs = [[v if v in ['tight', 'loose', 'none'] else int(v) for v in file.readline().split()] for i in
                 range(NB_JOBS)]

JOBS = []
CONSTRAINTS = []  

for jline in list_jobs:
    nbstps = jline.pop(0)
    job = []
    constraints = []
    for stp in range(nbstps):
        nbc = jline.pop(0)
        choices = []
        for c in range(nbc):
            m = jline.pop(0)
            d = jline.pop(0)
            choices.append((m - 1, d))
        constraint = jline.pop(0) 
        job.append(choices)
        constraints.append(constraint)
    JOBS.append(job)
    CONSTRAINTS.append(constraints)

mdl = CpoModel()
job_number = {}
all_operations = []
machine_operations = [[] for m in range(NB_MACHINES)]
job_operations = []

for jx, job in enumerate(JOBS):
    op_vars = []
    for ox, op in enumerate(job):
        choice_vars = []
        for cx, (m, d) in enumerate(op):
            cv = mdl.interval_var(name=""J{}_O{}_C{}_M{}"".format(jx, ox, cx, m),
                                  optional=True, size=d)
            job_number[cv.get_name()] = jx
            choice_vars.append(cv)
            machine_operations[m].append(cv)
        jv = mdl.interval_var(name=""J{}_O{}"".format(jx, ox))
        mdl.add(mdl.alternative(jv, choice_vars))
        op_vars.append(jv)
        if ox > 0:
            mdl.add(mdl.end_before_start(op_vars[ox - 1], op_vars[ox]))
        if ox > 0 and CONSTRAINTS[jx][ox - 1] == 'tight':
            mdl.add(mdl.start_of(op_vars[ox]) - mdl.end_of(op_vars[ox - 1]) <= 15)
        if ox > 0 and CONSTRAINTS[jx][ox - 1] == 'loose':
            mdl.add(mdl.start_of(op_vars[ox]) - mdl.end_of(op_vars[ox - 1]) >= 30)

    all_operations.extend(op_vars)
    job_operations.append(op_vars)


for lops in machine_operations:
    mdl.add(mdl.no_overlap(lops))
mdl.add(mdl.start_of(job_operations[0][0]) >= 20)
mdl.add(mdl.start_of(job_operations[0][0]) <= 100)
mdl.add(mdl.end_before_start(job_operations[1][-1], job_operations[2][0]))
for m in range(NB_MACHINES):
    for j in range(1, len(job_operations)):
        mdl.add(mdl.start_of(job_operations[j][0]) - mdl.end_of(job_operations[j-1][0]) >= 20)
mdl.add(mdl.minimize(mdl.max([mdl.end_of(op) for op in all_operations])))

print(""Solving model...."")
msol = mdl.solve(TimeLimit=30)
if msol:
    print(""Solution found."")
    print(""Objective value (Makespan):"", msol.get_objective_value())
    print(""=== Machine Schedules ==="")
    for m in range(NB_MACHINES):
        print(f""\nMachine M{m}:"")
        machine_schedule = []
        for v in machine_operations[m]:
            itv = msol.get_var_solution(v)
            if itv.is_present():
                jn = job_number[v.get_name()]
                machine_schedule.append((itv.start, itv.end, f""J{jn}""))
        machine_schedule.sort(key=lambda x: x[0])
        for s, e, jn in machine_schedule:
            print(f""  {jn:<5} Start: {s:<5}  End: {e:<5}  Duration: {e-s}"")
else:
    print(""No solution found."")",3,Aircraft Skin Processing,"1. Decision Variables
x[j][o] []: Master interval variable for operation o of job j.
x[j][o][m] []: Optional interval for op o of job j on machine m with processing time d.

2. Parameters and Input Data
NB_JOBS: Number of jobs.
NB_MACHINES: Number of machines.
A[j][o]: Set of (machine,duration) choices for op o of job j.
tight/loose: Temporal constraint type between consecutive ops.

3. Constraints
[C1] Alternative Machine Assignment: alternative(x[j][o], [x[j][o][m] : m in A[j][o]])  forall j,o
  Note: Exactly one candidate machine selected per operation.
[C2] Operation Precedence: endBeforeStart(x[j][o], x[j][o+1])  forall j, o < last
  Note: Operations within a job execute in order.
[C3] Machine No-Overlap: noOverlap([x[j][o][m] : all j,o using machine m])  forall m
  Note: Each machine processes at most one operation at a time.
[C4] Tight Temporal Constraint: startOf(x[j][o+1]) - endOf(x[j][o]) <= 15  if CONSTRAINTS[j][o]='tight'
  Note: Inter-operation gap at most 15 time units for tight constraint.
[C5] Loose Temporal Constraint: startOf(x[j][o+1]) - endOf(x[j][o]) >= 30  if CONSTRAINTS[j][o]='loose'
  Note: Inter-operation gap at least 30 time units for loose constraint.
[C6] time_window: 20 \leq \text{startOf}(\text{job}_1) \leq 100
  docplex: mdl.add(mdl.start_of(job_operations[0][0]) >= 20)
mdl.add(mdl.start_of(job_operations[0][0]) <= 100)
  Note: Job 1 must start within the time window [20, 100].
[C7] precedence: ∀ i ∈ Ops(Job3), ∀ j ∈ Ops(Job2): startOf(i) ≥ endOf(j)
  docplex: mdl.add(mdl.end_before_start(job_operations[1][-1], job_operations[2][0]))
  Note: All operations of Job 3 must start only after all operations of Job 2 have finished.
[C8] transition_time_constraint: ∀m ∈ Machines, ∀i,j ∈ Jobs, i ≠ j: if (machine(i) = m ∧ machine(j) = m ∧ type(i) ≠ type(j) ∧ j is scheduled immediately after i on m), then start(j) ≥ end(i) + 20
  docplex: for m in range(NB_MACHINES):
    for j in range(1, len(job_operations)):
        mdl.add(mdl.start_of(job_operations[j][0]) - mdl.end_of(job_operations[j-1][0]) >= 20)
  Note: A 20-minute setup time is required whenever the same machine transitions from processing one job to a different job — i.e., when two consecutive jobs on the same machine have different component types.

4. Objective Function
MINIMIZE minimize(max([endOf(x[j][o]) : all j,o]))
Note: Minimize makespan — maximum completion time across all operations.

5. Data Specification
NB_JOBS: Number of jobs. (input file fjsp_location_newdataset_1.fjs)
NB_MACHINES: Number of machines. (input file)
JOBS: Nested list: job→operation→[(machine,duration)]. (input file)
CONSTRAINTS: Per-operation temporal constraint type: tight/loose/none. (input file)",0.932,2026-06-25T15:26:57.131301,dynamic_constraint_adaptation,,,,,
task_20260625_151115_update_20260625_152604_update_20260625_152624_update_20260625_152651_solve_20260625_152723_solve,"This problem arises from aircraft manufacturing where multiple skin components need to be processed through a series of operations. In the flexible job shop scheduling environment, each job (representing an aircraft skin component) must be processed according to a predefined sequence of operations. Each operation can be performed on multiple candidate machines with different processing times, providing flexibility in machine selection. However, each machine can process only one operation at a time, ensuring no resource conflicts. The system automatically handles temporal constraints between consecutive operations: tight constraints require intervals of 15 time units or less, while loose constraints require intervals of 30 time units or more. The objective is to minimize the makespan, which represents the maximum completion time across all jobs, thus optimizing the overall production efficiency. Write a Python program using the docplex.cp module (IBM CP Optimizer) to solve this flexible job shop scheduling problem. The input data should be read from a file named ""fjsp_location_newdataset_1.fjs"" located in the data subdirectory. The file format is as follows: the first line contains the number of jobs and machines; subsequent lines contain job information with the number of operations, and for each operation, the number of candidate machines followed by machine-duration pairs, and temporal constraint types ('tight', 'loose', or 'none').","from docplex.cp.model import CpoModel
import os

filename = os.path.dirname(os.path.abspath(__file__)) + ""/data/fjsp_location_newdataset_1.fjs""
with open(filename, ""r"") as file:
    NB_JOBS, NB_MACHINES = [int(v) for v in file.readline().split()]
    list_jobs = [[v if v in ['tight', 'loose', 'none'] else int(v) for v in file.readline().split()] for i in
                 range(NB_JOBS)]

JOBS = []
CONSTRAINTS = []  

for jline in list_jobs:
    nbstps = jline.pop(0)
    job = []
    constraints = []
    for stp in range(nbstps):
        nbc = jline.pop(0)
        choices = []
        for c in range(nbc):
            m = jline.pop(0)
            d = jline.pop(0)
            choices.append((m - 1, d))
        constraint = jline.pop(0) 
        job.append(choices)
        constraints.append(constraint)
    JOBS.append(job)
    CONSTRAINTS.append(constraints)

mdl = CpoModel()
job_number = {}
all_operations = []
machine_operations = [[] for m in range(NB_MACHINES)]
job_operations = []

for jx, job in enumerate(JOBS):
    op_vars = []
    for ox, op in enumerate(job):
        choice_vars = []
        for cx, (m, d) in enumerate(op):
            cv = mdl.interval_var(name=""J{}_O{}_C{}_M{}"".format(jx, ox, cx, m),
                                  optional=True, size=d)
            job_number[cv.get_name()] = jx
            choice_vars.append(cv)
            machine_operations[m].append(cv)
        jv = mdl.interval_var(name=""J{}_O{}"".format(jx, ox))
        mdl.add(mdl.alternative(jv, choice_vars))
        op_vars.append(jv)
        if ox > 0:
            mdl.add(mdl.end_before_start(op_vars[ox - 1], op_vars[ox]))
        if ox > 0 and CONSTRAINTS[jx][ox - 1] == 'tight':
            mdl.add(mdl.start_of(op_vars[ox]) - mdl.end_of(op_vars[ox - 1]) <= 15)
        if ox > 0 and CONSTRAINTS[jx][ox - 1] == 'loose':
            mdl.add(mdl.start_of(op_vars[ox]) - mdl.end_of(op_vars[ox - 1]) >= 30)

    all_operations.extend(op_vars)
    job_operations.append(op_vars)


for lops in machine_operations:
    mdl.add(mdl.no_overlap(lops))
mdl.add(mdl.start_of(job_operations[0][0]) >= 20)
mdl.add(mdl.start_of(job_operations[0][0]) <= 100)
mdl.add(mdl.end_before_start(job_operations[1][-1], job_operations[2][0]))
for m in range(NB_MACHINES):
    for j in range(1, len(job_operations)):
        mdl.add(mdl.start_of(job_operations[j][0]) - mdl.end_of(job_operations[j-1][0]) >= 20)
mdl.add(mdl.minimize(mdl.max([mdl.end_of(op) for op in all_operations])))

print(""Solving model...."")
msol = mdl.solve(TimeLimit=30)
if msol:
    print(""Solution found."")
    print(""Objective value (Makespan):"", msol.get_objective_value())
    print(""=== Machine Schedules ==="")
    for m in range(NB_MACHINES):
        print(f""\nMachine M{m}:"")
        machine_schedule = []
        for v in machine_operations[m]:
            itv = msol.get_var_solution(v)
            if itv.is_present():
                jn = job_number[v.get_name()]
                machine_schedule.append((itv.start, itv.end, f""J{jn}""))
        machine_schedule.sort(key=lambda x: x[0])
        for s, e, jn in machine_schedule:
            print(f""  {jn:<5} Start: {s:<5}  End: {e:<5}  Duration: {e-s}"")
else:
    print(""No solution found."")","1,3,4",Aircraft Skin Processing,"1. Decision Variables
x[j][o] []: Master interval variable for operation o of job j.
x[j][o][m] []: Optional interval for op o of job j on machine m with processing time d.

2. Parameters and Input Data
NB_JOBS: Number of jobs.
NB_MACHINES: Number of machines.
A[j][o]: Set of (machine,duration) choices for op o of job j.
tight/loose: Temporal constraint type between consecutive ops.

3. Constraints
[C1] Alternative Machine Assignment: alternative(x[j][o], [x[j][o][m] : m in A[j][o]])  forall j,o
  Note: Exactly one candidate machine selected per operation.
[C2] Operation Precedence: endBeforeStart(x[j][o], x[j][o+1])  forall j, o < last
  Note: Operations within a job execute in order.
[C3] Machine No-Overlap: noOverlap([x[j][o][m] : all j,o using machine m])  forall m
  Note: Each machine processes at most one operation at a time.
[C4] Tight Temporal Constraint: startOf(x[j][o+1]) - endOf(x[j][o]) <= 15  if CONSTRAINTS[j][o]='tight'
  Note: Inter-operation gap at most 15 time units for tight constraint.
[C5] Loose Temporal Constraint: startOf(x[j][o+1]) - endOf(x[j][o]) >= 30  if CONSTRAINTS[j][o]='loose'
  Note: Inter-operation gap at least 30 time units for loose constraint.
[C6] time_window: 20 \leq \text{startOf}(\text{job}_1) \leq 100
  docplex: mdl.add(mdl.start_of(job_operations[0][0]) >= 20)
mdl.add(mdl.start_of(job_operations[0][0]) <= 100)
  Note: Job 1 must start within the time window [20, 100].
[C7] precedence: ∀ i ∈ Ops(Job3), ∀ j ∈ Ops(Job2): startOf(i) ≥ endOf(j)
  docplex: mdl.add(mdl.end_before_start(job_operations[1][-1], job_operations[2][0]))
  Note: All operations of Job 3 must start only after all operations of Job 2 have finished.
[C8] transition_time_constraint: ∀m ∈ Machines, ∀i,j ∈ Jobs, i ≠ j: if (machine(i) = m ∧ machine(j) = m ∧ type(i) ≠ type(j) ∧ j is scheduled immediately after i on m), then start(j) ≥ end(i) + 20
  docplex: for m in range(NB_MACHINES):
    for j in range(1, len(job_operations)):
        mdl.add(mdl.start_of(job_operations[j][0]) - mdl.end_of(job_operations[j-1][0]) >= 20)
  Note: A 20-minute setup time is required whenever the same machine transitions from processing one job to a different job — i.e., when two consecutive jobs on the same machine have different component types.

4. Objective Function
MINIMIZE minimize(max([endOf(x[j][o]) : all j,o]))
Note: Minimize makespan — maximum completion time across all operations.

5. Data Specification
NB_JOBS: Number of jobs. (input file fjsp_location_newdataset_1.fjs)
NB_MACHINES: Number of machines. (input file)
JOBS: Nested list: job→operation→[(machine,duration)]. (input file)
CONSTRAINTS: Per-operation temporal constraint type: tight/loose/none. (input file)",0.932,2026-06-25T15:27:25.016101,solver,solved,1669.0,1.63,"Solution found.
Objective value (Makespan): 1669
=== Machine Schedules ===

Machine M0:
  J1    Start: 187    End: 229    Duration: 42
  J7    Start: 805    End: 842    Duration: 37
  J11   Start: 1300   End: 1375   Duration: 75

Machine M1:
  J4    Start: 504    End: 542    Duration: 38
  J2    Start: 566    End: 585    Duration: 19
  J4    Start: 709    End: 721    Duration: 12
  J5    Start: 740    End: 804    Duration: 64
  J8    Start: 992    End: 1026   Duration: 34
  J11   Start: 1065   End: 1142   Duration: 77
  J10   Start: 1142   End: 1181   Duration: 39
  J12   Start: 1241   End: 1318   Duration: 77
  J13   Start: 1318   End: 1337   Duration: 19
  J14   Start: 1357   End: 1455   Duration: 98
  J9    Start: 1455   End: 1534   Duration: 79

Machine M2:
  J0    Start: 20     End: 39     Duration: 19
  J0    Start: 188    End: 209    Duration: 21
  J2    Start: 475    End: 487    Duration: 12
  J6    Start: 780    End: 842    Duration: 62
  J7    Start: 842    End: 879    Durati",
